sku_id,period,qty_total,category_id
598294111,2025-06-23,4.837052256334573e-05,672241
598294111,2025-06-30,4.837052256334573e-05,672241
598294111,2025-07-07,4.837052256334573e-05,672241
598294111,2025-07-14,4.837052256334573e-05,672241
598302302,2025-06-23,1.5846577298361808e-05,672241
598302302,2025-06-30,1.5846577298361808e-05,672241
598302302,2025-07-07,1.5846577298361808e-05,672241
598302302,2025-07-14,1.5846577298361808e-05,672241
599653937,2025-06-23,0.000741196796298027,672241
599653937,2025-06-30,0.0,672241
599653937,2025-07-07,0.000741196796298027,672241
599653937,2025-07-14,0.000741196796298027,672241
599703217,2025-06-23,0.002229097066447139,672241
599703217,2025-06-30,0.018361710011959076,672241
599703217,2025-07-07,0.004189880099147558,672241
599703217,2025-07-14,0.058197908103466034,672241
746436995,2025-06-23,3.500978709780611e-05,672241
746436995,2025-06-30,3.500978709780611e-05,672241
746436995,2025-07-07,3.500978709780611e-05,672241
746436995,2025-07-14,3.500978709780611e-05,672241
2709580011,2025-06-23,4.5049175241729245e-05,672241
2709580011,2025-06-30,4.5049175241729245e-05,672241
2709580011,2025-07-07,5.7486467994749546e-05,672241
2709580011,2025-07-14,5.7486467994749546e-05,672241
2709580215,2025-06-23,2.9896349587943405e-05,672241
2709580215,2025-06-30,2.9896349587943405e-05,672241
2709580215,2025-07-07,2.9896349587943405e-05,672241
2709580215,2025-07-14,2.9896349587943405e-05,672241
2787887686,2025-06-23,3.879925498040393e-05,672241
2787887686,2025-06-30,3.879925498040393e-05,672241
2787887686,2025-07-07,3.879925498040393e-05,672241
2787887686,2025-07-14,3.879925498040393e-05,672241
3022776581,2025-06-23,3.606131940614432e-05,672241
3022776581,2025-06-30,3.606131940614432e-05,672241
3022776581,2025-07-07,3.606131940614432e-05,672241
3022776581,2025-07-14,3.606131940614432e-05,672241
3022776731,2025-06-23,2.949823101516813e-05,672241
3022776731,2025-06-30,2.949823101516813e-05,672241
3022776731,2025-07-07,2.949823101516813e-05,672241
3022776731,2025-07-14,2.949823101516813e-05,672241
3238598023,2025-06-23,2.9498931326088496e-05,672241
3238598023,2025-06-30,2.9498931326088496e-05,672241
3238598023,2025-07-07,2.9498931326088496e-05,672241
3238598023,2025-07-14,2.9498931326088496e-05,672241
3252722291,2025-06-23,2.6776595404953696e-05,672241
3252722291,2025-06-30,2.6776595404953696e-05,672241
3252722291,2025-07-07,2.6776595404953696e-05,672241
3252722291,2025-07-14,2.6776595404953696e-05,672241
3576081009,2025-06-23,1.5774408893776126e-05,672241
3576081009,2025-06-30,1.5774408893776126e-05,672241
3576081009,2025-07-07,1.5774408893776126e-05,672241
3576081009,2025-07-14,1.5774408893776126e-05,672241
3577564803,2025-06-23,0.00014553854998666793,672241
3577564803,2025-06-30,8.419613732257858e-05,672241
3577564803,2025-07-07,0.0004487748665269464,672241
3577564803,2025-07-14,8.754614100325853e-05,672241
3691275758,2025-06-23,2.5878078304231167e-05,672241
3691275758,2025-06-30,2.5878078304231167e-05,672241
3691275758,2025-07-07,2.5878078304231167e-05,672241
3691275758,2025-07-14,2.5878078304231167e-05,672241
3692477582,2025-06-23,1.4473405826720409e-05,672241
3692477582,2025-06-30,1.4473405826720409e-05,672241
3692477582,2025-07-07,1.4473405826720409e-05,672241
3692477582,2025-07-14,1.4473405826720409e-05,672241
3693412504,2025-06-23,0.0,672241
3693412504,2025-06-30,0.0,672241
3693412504,2025-07-07,0.0,672241
3693412504,2025-07-14,0.0,672241
3867746102,2025-06-23,2.53401740337722e-05,672241
3867746102,2025-06-30,2.53401740337722e-05,672241
3867746102,2025-07-07,2.53401740337722e-05,672241
3867746102,2025-07-14,2.53401740337722e-05,672241
3880204628,2025-06-23,1.6662428606650792e-05,672241
3880204628,2025-06-30,1.6662428606650792e-05,672241
3880204628,2025-07-07,1.6662428606650792e-05,672241
3880204628,2025-07-14,1.6662428606650792e-05,672241
3926767355,2025-06-23,2.1273996026138775e-05,672241
3926767355,2025-06-30,2.1273996026138775e-05,672241
3926767355,2025-07-07,2.1273996026138775e-05,672241
3926767355,2025-07-14,2.1273996026138775e-05,672241
4079053893,2025-06-23,3.544981518643908e-05,672241
4079053893,2025-06-30,3.544981518643908e-05,672241
4079053893,2025-07-07,3.544981518643908e-05,672241
4079053893,2025-07-14,3.544981518643908e-05,672241
4166277217,2025-06-23,3.363202995387837e-05,672241
4166277217,2025-06-30,3.363202995387837e-05,672241
4166277217,2025-07-07,3.363202995387837e-05,672241
4166277217,2025-07-14,3.363202995387837e-05,672241
4203509252,2025-06-23,3.642285810201429e-05,672241
4203509252,2025-06-30,3.642285810201429e-05,672241
4203509252,2025-07-07,3.642285810201429e-05,672241
4203509252,2025-07-14,3.642285810201429e-05,672241
4233243369,2025-06-23,2.5254306819988415e-05,672241
4233243369,2025-06-30,2.5254306819988415e-05,672241
4233243369,2025-07-07,2.5254306819988415e-05,672241
4233243369,2025-07-14,2.5254306819988415e-05,672241
4244979510,2025-06-23,2.297931678185705e-05,672241
4244979510,2025-06-30,2.297931678185705e-05,672241
4244979510,2025-07-07,2.297931678185705e-05,672241
4244979510,2025-07-14,2.297931678185705e-05,672241
4293110694,2025-06-23,9.074735316971783e-06,672241
4293110694,2025-06-30,9.074735316971783e-06,672241
4293110694,2025-07-07,9.074735316971783e-06,672241
4293110694,2025-07-14,9.074735316971783e-06,672241
4299736790,2025-06-23,1.20802505989559e-05,672241
4299736790,2025-06-30,1.20802505989559e-05,672241
4299736790,2025-07-07,1.20802505989559e-05,672241
4299736790,2025-07-14,1.20802505989559e-05,672241
4299740219,2025-06-23,4.582726978696883e-05,672241
4299740219,2025-06-30,0.00017240502347704023,672241
4299740219,2025-07-07,0.00017240502347704023,672241
4299740219,2025-07-14,0.00017240502347704023,672241
4391268112,2025-06-23,2.367774141021073e-05,672241
4391268112,2025-06-30,2.367774141021073e-05,672241
4391268112,2025-07-07,2.367774141021073e-05,672241
4391268112,2025-07-14,2.367774141021073e-05,672241
4396560443,2025-06-23,2.301623680978082e-05,672241
4396560443,2025-06-30,2.301623680978082e-05,672241
4396560443,2025-07-07,2.301623680978082e-05,672241
4396560443,2025-07-14,2.301623680978082e-05,672241
4475480724,2025-06-23,3.0383915145648643e-05,672241
4475480724,2025-06-30,3.0383915145648643e-05,672241
4475480724,2025-07-07,3.0383915145648643e-05,672241
4475480724,2025-07-14,3.0383915145648643e-05,672241
4475481627,2025-06-23,2.2336593247018754e-05,672241
4475481627,2025-06-30,2.2336593247018754e-05,672241
4475481627,2025-07-07,2.2336593247018754e-05,672241
4475481627,2025-07-14,2.2336593247018754e-05,672241
4475482043,2025-06-23,1.20802505989559e-05,672241
4475482043,2025-06-30,1.20802505989559e-05,672241
4475482043,2025-07-07,1.20802505989559e-05,672241
4475482043,2025-07-14,1.20802505989559e-05,672241
4486038235,2025-06-23,2.8094698791392148e-05,672241
4486038235,2025-06-30,2.8094698791392148e-05,672241
4486038235,2025-07-07,2.8094698791392148e-05,672241
4486038235,2025-07-14,2.8094698791392148e-05,672241
4486038328,2025-06-23,2.252460762974806e-05,672241
4486038328,2025-06-30,2.252460762974806e-05,672241
4486038328,2025-07-07,2.252460762974806e-05,672241
4486038328,2025-07-14,2.252460762974806e-05,672241
4486038387,2025-06-23,2.318549741175957e-05,672241
4486038387,2025-06-30,2.318549741175957e-05,672241
4486038387,2025-07-07,2.318549741175957e-05,672241
4486038387,2025-07-14,2.318549741175957e-05,672241
4636511797,2025-06-23,2.5146204279735684e-05,672241
4636511797,2025-06-30,2.5146204279735684e-05,672241
4636511797,2025-07-07,2.5146204279735684e-05,672241
4636511797,2025-07-14,2.5146204279735684e-05,672241
4709870548,2025-06-23,1.777724173734896e-05,672241
4709870548,2025-06-30,1.777724173734896e-05,672241
4709870548,2025-07-07,1.777724173734896e-05,672241
4709870548,2025-07-14,1.777724173734896e-05,672241
4723833696,2025-06-23,0.0,672241
4723833696,2025-06-30,0.0,672241
4723833696,2025-07-07,9.100320312427357e-05,672241
4723833696,2025-07-14,9.100320312427357e-05,672241
4723910471,2025-06-23,4.582967085298151e-05,672241
4723910471,2025-06-30,4.582967085298151e-05,672241
4723910471,2025-07-07,4.582967085298151e-05,672241
4723910471,2025-07-14,4.582967085298151e-05,672241
4723938440,2025-06-23,0.0003150351985823363,672241
4723938440,2025-06-30,0.026868615299463272,672241
4723938440,2025-07-07,0.0003847475745715201,672241
4723938440,2025-07-14,0.0003150351985823363,672241
4724133655,2025-06-23,0.00015781466208864003,672241
4724133655,2025-06-30,0.0013568608555942774,672241
4724133655,2025-07-07,0.00015781466208864003,672241
4724133655,2025-07-14,0.00015781466208864003,672241
4727839041,2025-06-23,9.074735316971783e-06,672241
4727839041,2025-06-30,9.074735316971783e-06,672241
4727839041,2025-07-07,9.074735316971783e-06,672241
4727839041,2025-07-14,9.074735316971783e-06,672241
4844412140,2025-06-23,9.074735316971783e-06,672241
4844412140,2025-06-30,9.074735316971783e-06,672241
4844412140,2025-07-07,9.074735316971783e-06,672241
4844412140,2025-07-14,9.074735316971783e-06,672241
4861004995,2025-06-23,0.0,672241
4861004995,2025-06-30,0.0,672241
4861004995,2025-07-07,0.0,672241
4861004995,2025-07-14,0.0,672241
4867304145,2025-06-23,0.0,672241
4867304145,2025-06-30,0.0,672241
4867304145,2025-07-07,0.0,672241
4867304145,2025-07-14,0.0,672241
5982960035,2025-06-23,0.0012388798641040921,672241
5982960035,2025-06-30,0.00019189495651517063,672241
5982960035,2025-07-07,7.932276639621705e-05,672241
5982960035,2025-07-14,7.932276639621705e-05,672241
5996489657,2025-06-23,1.20802505989559e-05,672241
5996489657,2025-06-30,1.20802505989559e-05,672241
5996489657,2025-07-07,1.20802505989559e-05,672241
5996489657,2025-07-14,1.20802505989559e-05,672241
5996490387,2025-06-23,3.1698473321739584e-05,672241
5996490387,2025-06-30,1.9528040866134688e-05,672241
5996490387,2025-07-07,3.1698473321739584e-05,672241
5996490387,2025-07-14,3.1698473321739584e-05,672241
5996537271,2025-06-23,2.6918734874925576e-05,672241
5996537271,2025-06-30,2.6918734874925576e-05,672241
5996537271,2025-07-07,2.6918734874925576e-05,672241
5996537271,2025-07-14,2.6918734874925576e-05,672241
5996540711,2025-06-23,7.056100002955645e-05,672241
5996540711,2025-06-30,7.056100002955645e-05,672241
5996540711,2025-07-07,7.056100002955645e-05,672241
5996540711,2025-07-14,7.056100002955645e-05,672241
5996552646,2025-06-23,0.0002314247831236571,672241
5996552646,2025-06-30,0.0005347467958927155,672241
5996552646,2025-07-07,0.0,672241
5996552646,2025-07-14,0.0,672241
5996815882,2025-06-23,2.4206074158428237e-05,672241
5996815882,2025-06-30,2.4206074158428237e-05,672241
5996815882,2025-07-07,2.4206074158428237e-05,672241
5996815882,2025-07-14,2.4206074158428237e-05,672241
5996820047,2025-06-23,3.518441371852532e-05,672241
5996820047,2025-06-30,3.518441371852532e-05,672241
5996820047,2025-07-07,1.1005753549397923e-05,672241
5996820047,2025-07-14,3.518441371852532e-05,672241
5996899120,2025-06-23,1.5851674106670544e-05,672241
5996899120,2025-06-30,1.5851674106670544e-05,672241
5996899120,2025-07-07,1.5851674106670544e-05,672241
5996899120,2025-07-14,1.5851674106670544e-05,672241
5996932035,2025-06-23,1.20802505989559e-05,672241
5996932035,2025-06-30,1.20802505989559e-05,672241
5996932035,2025-07-07,1.20802505989559e-05,672241
5996932035,2025-07-14,1.20802505989559e-05,672241
5996937634,2025-06-23,2.904339271481149e-05,672241
5996937634,2025-06-30,2.904339271481149e-05,672241
5996937634,2025-07-07,0.00014484008715953678,672241
5996937634,2025-07-14,2.904339271481149e-05,672241
5996941129,2025-06-23,2.3677892386331223e-05,672241
5996941129,2025-06-30,2.3677892386331223e-05,672241
5996941129,2025-07-07,2.3677892386331223e-05,672241
5996941129,2025-07-14,2.3677892386331223e-05,672241
7405700714,2025-06-23,5.3847361414227635e-05,672241
7405700714,2025-06-30,5.3847361414227635e-05,672241
7405700714,2025-07-07,5.3847361414227635e-05,672241
7405700714,2025-07-14,5.3847361414227635e-05,672241
9629394497,2025-06-23,8.917280501918867e-05,672241
9629394497,2025-06-30,8.917280501918867e-05,672241
9629394497,2025-07-07,8.917280501918867e-05,672241
9629394497,2025-07-14,8.917280501918867e-05,672241
15766844963,2025-06-23,7.244820153573528e-05,672241
15766844963,2025-06-30,7.244820153573528e-05,672241
15766844963,2025-07-07,7.244820153573528e-05,672241
15766844963,2025-07-14,7.244820153573528e-05,672241
20377431146,2025-06-23,2.041169864241965e-05,672241
20377431146,2025-06-30,2.041169864241965e-05,672241
20377431146,2025-07-07,2.041169864241965e-05,672241
20377431146,2025-07-14,2.041169864241965e-05,672241
24738070995,2025-06-23,3.1206029234454036e-05,672241
24738070995,2025-06-30,3.1206029234454036e-05,672241
24738070995,2025-07-07,3.1206029234454036e-05,672241
24738070995,2025-07-14,7.955377441248856e-06,672241
24738579136,2025-06-23,2.815469997585751e-05,672241
24738579136,2025-06-30,2.815469997585751e-05,672241
24738579136,2025-07-07,2.815469997585751e-05,672241
24738579136,2025-07-14,2.815469997585751e-05,672241
25223257610,2025-06-23,2.5959672711906023e-05,672241
25223257610,2025-06-30,2.5959672711906023e-05,672241
25223257610,2025-07-07,2.5959672711906023e-05,672241
25223257610,2025-07-14,2.5959672711906023e-05,672241
25223743696,2025-06-23,3.218033816665411e-05,672241
25223743696,2025-06-30,3.218033816665411e-05,672241
25223743696,2025-07-07,3.218033816665411e-05,672241
25223743696,2025-07-14,3.218033816665411e-05,672241
25223744190,2025-06-23,1.7060316167771816e-05,672241
25223744190,2025-06-30,1.7060316167771816e-05,672241
25223744190,2025-07-07,1.7060316167771816e-05,672241
25223744190,2025-07-14,1.7060316167771816e-05,672241
25671218131,2025-06-23,3.423704038141295e-05,672241
25671218131,2025-06-30,3.423704038141295e-05,672241
25671218131,2025-07-07,3.423704038141295e-05,672241
25671218131,2025-07-14,3.423704038141295e-05,672241
25671218642,2025-06-23,6.131136615294963e-05,672241
25671218642,2025-06-30,6.131136615294963e-05,672241
25671218642,2025-07-07,6.131136615294963e-05,672241
25671218642,2025-07-14,6.131136615294963e-05,672241
27095798175,2025-06-23,3.173706863890402e-05,672241
27095798175,2025-06-30,3.173706863890402e-05,672241
27095798175,2025-07-07,3.173706863890402e-05,672241
27095798175,2025-07-14,3.173706863890402e-05,672241
27095801676,2025-06-23,3.0178494853316806e-05,672241
27095801676,2025-06-30,3.0178494853316806e-05,672241
27095801676,2025-07-07,3.0178494853316806e-05,672241
27095801676,2025-07-14,3.0178494853316806e-05,672241
27095803613,2025-06-23,4.1657771362224594e-05,672241
27095803613,2025-06-30,4.1657771362224594e-05,672241
27095803613,2025-07-07,4.1657771362224594e-05,672241
27095803613,2025-07-14,4.1657771362224594e-05,672241
27095804199,2025-06-23,3.580658449209295e-05,672241
27095804199,2025-06-30,1.9694318325491622e-05,672241
27095804199,2025-07-07,1.9694318325491622e-05,672241
27095804199,2025-07-14,3.580658449209295e-05,672241
27095805681,2025-06-23,5.555781172006391e-05,672241
27095805681,2025-06-30,5.555781172006391e-05,672241
27095805681,2025-07-07,5.555781172006391e-05,672241
27095805681,2025-07-14,5.555781172006391e-05,672241
27095807110,2025-06-23,5.6400749599561095e-05,672241
27095807110,2025-06-30,5.6400749599561095e-05,672241
27095807110,2025-07-07,5.6400749599561095e-05,672241
27095807110,2025-07-14,5.6400749599561095e-05,672241
27095807671,2025-06-23,6.208939157659188e-05,672241
27095807671,2025-06-30,6.208939157659188e-05,672241
27095807671,2025-07-07,6.208939157659188e-05,672241
27095807671,2025-07-14,6.208939157659188e-05,672241
27095808173,2025-06-23,2.7044765374739654e-05,672241
27095808173,2025-06-30,2.7044765374739654e-05,672241
27095808173,2025-07-07,2.7044765374739654e-05,672241
27095808173,2025-07-14,2.7044765374739654e-05,672241
27095808692,2025-06-23,3.4925735235447064e-05,672241
27095808692,2025-06-30,3.4925735235447064e-05,672241
27095808692,2025-07-07,3.4925735235447064e-05,672241
27095808692,2025-07-14,3.4925735235447064e-05,672241
27095809660,2025-06-23,3.59558907803148e-05,672241
27095809660,2025-06-30,3.59558907803148e-05,672241
27095809660,2025-07-07,3.59558907803148e-05,672241
27095809660,2025-07-14,3.59558907803148e-05,672241
27095810173,2025-06-23,3.634333916124888e-05,672241
27095810173,2025-06-30,3.634333916124888e-05,672241
27095810173,2025-07-07,3.634333916124888e-05,672241
27095810173,2025-07-14,2.682060767256189e-05,672241
27095810673,2025-06-23,0.00016937170585151762,672241
27095810673,2025-06-30,0.0,672241
27095810673,2025-07-07,0.0,672241
27095810673,2025-07-14,0.0,672241
27095811177,2025-06-23,3.249391374993138e-05,672241
27095811177,2025-06-30,3.249391374993138e-05,672241
27095811177,2025-07-07,3.249391374993138e-05,672241
27095811177,2025-07-14,3.249391374993138e-05,672241
27095812646,2025-06-23,3.635507164290175e-05,672241
27095812646,2025-06-30,3.635507164290175e-05,672241
27095812646,2025-07-07,3.635507164290175e-05,672241
27095812646,2025-07-14,3.635507164290175e-05,672241
27095813697,2025-06-23,3.0158098525134847e-05,672241
27095813697,2025-06-30,3.0158098525134847e-05,672241
27095813697,2025-07-07,3.0158098525134847e-05,672241
27095813697,2025-07-14,3.0158098525134847e-05,672241
27095814149,2025-06-23,4.328412251197733e-05,672241
27095814149,2025-06-30,4.328412251197733e-05,672241
27095814149,2025-07-07,4.328412251197733e-05,672241
27095814149,2025-07-14,4.328412251197733e-05,672241
27878669323,2025-06-23,9.655612666392699e-05,672241
27878669323,2025-06-30,9.655612666392699e-05,672241
27878669323,2025-07-07,9.655612666392699e-05,672241
27878669323,2025-07-14,9.655612666392699e-05,672241
27878726372,2025-06-23,0.00010428120731376112,672241
27878726372,2025-06-30,0.00010428120731376112,672241
27878726372,2025-07-07,0.00010428120731376112,672241
27878726372,2025-07-14,0.00010428120731376112,672241
28809186837,2025-06-23,4.40675976278726e-05,672241
28809186837,2025-06-30,4.40675976278726e-05,672241
28809186837,2025-07-07,4.40675976278726e-05,672241
28809186837,2025-07-14,4.40675976278726e-05,672241
28809187395,2025-06-23,3.0282206353149377e-05,672241
28809187395,2025-06-30,3.0282206353149377e-05,672241
28809187395,2025-07-07,3.0282206353149377e-05,672241
28809187395,2025-07-14,3.0282206353149377e-05,672241
28809187852,2025-06-23,2.2113566956249997e-05,672241
28809187852,2025-06-30,2.2113566956249997e-05,672241
28809187852,2025-07-07,0.0007155537605285645,672241
28809187852,2025-07-14,2.2113566956249997e-05,672241
28809207396,2025-06-23,2.6944739147438668e-05,672241
28809207396,2025-06-30,2.6944739147438668e-05,672241
28809207396,2025-07-07,0.00036022457061335444,672241
28809207396,2025-07-14,2.6944739147438668e-05,672241
28809212359,2025-06-23,3.590157939470373e-05,672241
28809212359,2025-06-30,3.590157939470373e-05,672241
28809212359,2025-07-07,3.590157939470373e-05,672241
28809212359,2025-07-14,3.590157939470373e-05,672241
28809285342,2025-06-23,3.552689668140374e-05,672241
28809285342,2025-06-30,3.552689668140374e-05,672241
28809285342,2025-07-07,0.006866338662803173,672241
28809285342,2025-07-14,3.552689668140374e-05,672241
28809472364,2025-06-23,2.53401740337722e-05,672241
28809472364,2025-06-30,2.53401740337722e-05,672241
28809472364,2025-07-07,2.53401740337722e-05,672241
28809472364,2025-07-14,2.53401740337722e-05,672241
28809487326,2025-06-23,2.4153738195309415e-05,672241
28809487326,2025-06-30,2.4153738195309415e-05,672241
28809487326,2025-07-07,2.4153738195309415e-05,672241
28809487326,2025-07-14,2.4153738195309415e-05,672241
28809487836,2025-06-23,1.7769791156752035e-05,672241
28809487836,2025-06-30,1.7769791156752035e-05,672241
28809487836,2025-07-07,1.7769791156752035e-05,672241
28809487836,2025-07-14,1.7769791156752035e-05,672241
28809488890,2025-06-23,1.985839662665967e-05,672241
28809488890,2025-06-30,1.985839662665967e-05,672241
28809488890,2025-07-07,1.985839662665967e-05,672241
28809488890,2025-07-14,1.985839662665967e-05,672241
28809489369,2025-06-23,4.836411608266644e-05,672241
28809489369,2025-06-30,4.836411608266644e-05,672241
28809489369,2025-07-07,4.836411608266644e-05,672241
28809489369,2025-07-14,4.836411608266644e-05,672241
28809490329,2025-06-23,2.8882974220323376e-05,672241
28809490329,2025-06-30,2.8882974220323376e-05,672241
28809490329,2025-07-07,2.8882974220323376e-05,672241
28809490329,2025-07-14,2.8882974220323376e-05,672241
30181290347,2025-06-23,1.647781755309552e-05,672241
30181290347,2025-06-30,1.647781755309552e-05,672241
30181290347,2025-07-07,1.647781755309552e-05,672241
30181290347,2025-07-14,1.647781755309552e-05,672241
30182210325,2025-06-23,1.2474281902541406e-05,672241
30182210325,2025-06-30,1.2474281902541406e-05,672241
30182210325,2025-07-07,1.2474281902541406e-05,672241
30182210325,2025-07-14,1.2474281902541406e-05,672241
30227761388,2025-06-23,1.415735823684372e-05,672241
30227761388,2025-06-30,1.415735823684372e-05,672241
30227761388,2025-07-07,1.415735823684372e-05,672241
30227761388,2025-07-14,1.415735823684372e-05,672241
30227761828,2025-06-23,3.177910912199877e-05,672241
30227761828,2025-06-30,3.177910912199877e-05,672241
30227761828,2025-07-07,3.177910912199877e-05,672241
30227761828,2025-07-14,3.177910912199877e-05,672241
30227763865,2025-06-23,4.1167968447552994e-05,672241
30227763865,2025-06-30,4.1167968447552994e-05,672241
30227763865,2025-07-07,0.00043883611215278506,672241
30227763865,2025-07-14,4.1167968447552994e-05,672241
30227764388,2025-06-23,2.53401740337722e-05,672241
30227764388,2025-06-30,2.53401740337722e-05,672241
30227764388,2025-07-07,2.53401740337722e-05,672241
30227764388,2025-07-14,2.53401740337722e-05,672241
30227765347,2025-06-23,1.9087625332758762e-05,672241
30227765347,2025-06-30,1.9087625332758762e-05,672241
30227765347,2025-07-07,1.9087625332758762e-05,672241
30227765347,2025-07-14,1.9087625332758762e-05,672241
30227766812,2025-06-23,3.1245032005244866e-05,672241
30227766812,2025-06-30,3.1245032005244866e-05,672241
30227766812,2025-07-07,3.1245032005244866e-05,672241
30227766812,2025-07-14,3.1245032005244866e-05,672241
30227767831,2025-06-23,2.5006675059557892e-05,672241
30227767831,2025-06-30,2.5006675059557892e-05,672241
30227767831,2025-07-07,2.5006675059557892e-05,672241
30227767831,2025-07-14,2.5006675059557892e-05,672241
30227768349,2025-06-23,4.6665714762639254e-05,672241
30227768349,2025-06-30,4.6665714762639254e-05,672241
30227768349,2025-07-07,4.6665714762639254e-05,672241
30227768349,2025-07-14,4.6665714762639254e-05,672241
30227768888,2025-06-23,2.7762904210248962e-05,672241
30227768888,2025-06-30,2.7762904210248962e-05,672241
30227768888,2025-07-07,2.7762904210248962e-05,672241
30227768888,2025-07-14,2.7762904210248962e-05,672241
30227769326,2025-06-23,4.099528450751677e-05,672241
30227769326,2025-06-30,4.099528450751677e-05,672241
30227769326,2025-07-07,4.099528450751677e-05,672241
30227769326,2025-07-14,4.099528450751677e-05,672241
30227769849,2025-06-23,2.6768349925987422e-05,672241
30227769849,2025-06-30,2.6768349925987422e-05,672241
30227769849,2025-07-07,2.6768349925987422e-05,672241
30227769849,2025-07-14,2.6768349925987422e-05,672241
30323747828,2025-06-23,2.386473170190584e-05,672241
30323747828,2025-06-30,2.386473170190584e-05,672241
30323747828,2025-07-07,2.386473170190584e-05,672241
30323747828,2025-07-14,2.386473170190584e-05,672241
30323761316,2025-06-23,2.261125155200716e-05,672241
30323761316,2025-06-30,2.261125155200716e-05,672241
30323761316,2025-07-07,2.261125155200716e-05,672241
30323761316,2025-07-14,2.261125155200716e-05,672241
30323764884,2025-06-23,2.9608459954033606e-05,672241
30323764884,2025-06-30,2.9608459954033606e-05,672241
30323764884,2025-07-07,2.9608459954033606e-05,672241
30323764884,2025-07-14,2.9608459954033606e-05,672241
31260538389,2025-06-23,1.415735823684372e-05,672241
31260538389,2025-06-30,1.415735823684372e-05,672241
31260538389,2025-07-07,1.415735823684372e-05,672241
31260538389,2025-07-14,1.415735823684372e-05,672241
31260608522,2025-06-23,3.097330773016438e-05,672241
31260608522,2025-06-30,3.097330773016438e-05,672241
31260608522,2025-07-07,3.097330773016438e-05,672241
31260608522,2025-07-14,3.097330773016438e-05,672241
31298226737,2025-06-23,1.4658228792541195e-05,672241
31298226737,2025-06-30,1.4658228792541195e-05,672241
31298226737,2025-07-07,1.4658228792541195e-05,672241
31298226737,2025-07-14,1.4658228792541195e-05,672241
31299041897,2025-06-23,1.20802505989559e-05,672241
31299041897,2025-06-30,1.20802505989559e-05,672241
31299041897,2025-07-07,1.20802505989559e-05,672241
31299041897,2025-07-14,1.20802505989559e-05,672241
31305483427,2025-06-23,0.01876114122569561,672241
31305483427,2025-06-30,3.9557446143589914e-05,672241
31305483427,2025-07-07,3.9557446143589914e-05,672241
31305483427,2025-07-14,3.9557446143589914e-05,672241
31306190523,2025-06-23,2.3674841941101477e-05,672241
31306190523,2025-06-30,2.3674841941101477e-05,672241
31306190523,2025-07-07,2.3674841941101477e-05,672241
31306190523,2025-07-14,2.3674841941101477e-05,672241
31307128374,2025-06-23,0.0,672241
31307128374,2025-06-30,0.0,672241
31307128374,2025-07-07,0.0,672241
31307128374,2025-07-14,0.0,672241
31307219296,2025-06-23,0.0,672241
31307219296,2025-06-30,0.0,672241
31307219296,2025-07-07,0.0,672241
31307219296,2025-07-14,0.0,672241
31315209729,2025-06-23,3.615741661633365e-05,672241
31315209729,2025-06-30,3.615741661633365e-05,672241
31315209729,2025-07-07,3.615741661633365e-05,672241
31315209729,2025-07-14,3.615741661633365e-05,672241
31376582820,2025-06-23,1.2620910638361238e-05,672241
31376582820,2025-06-30,1.2620910638361238e-05,672241
31376582820,2025-07-07,1.2620910638361238e-05,672241
31376582820,2025-07-14,1.2620910638361238e-05,672241
31376614032,2025-06-23,2.9411183277261443e-05,672241
31376614032,2025-06-30,2.9411183277261443e-05,672241
31376614032,2025-07-07,2.9411183277261443e-05,672241
31376614032,2025-07-14,2.9411183277261443e-05,672241
31603725134,2025-06-23,5.748344483436085e-05,672241
31603725134,2025-06-30,5.748344483436085e-05,672241
31603725134,2025-07-07,5.748344483436085e-05,672241
31603725134,2025-07-14,5.748344483436085e-05,672241
31698186711,2025-06-23,2.6693905965657905e-05,672241
31698186711,2025-06-30,2.6693905965657905e-05,672241
31698186711,2025-07-07,2.6693905965657905e-05,672241
31698186711,2025-07-14,2.6693905965657905e-05,672241
32527221461,2025-06-23,1.5846577298361808e-05,672241
32527221461,2025-06-30,1.5846577298361808e-05,672241
32527221461,2025-07-07,1.5846577298361808e-05,672241
32527221461,2025-07-14,1.5846577298361808e-05,672241
32527222047,2025-06-23,4.233159779687412e-05,672241
32527222047,2025-06-30,4.233159779687412e-05,672241
32527222047,2025-07-07,4.233159779687412e-05,672241
32527222047,2025-07-14,4.233159779687412e-05,672241
32527222347,2025-06-23,4.7142333642113954e-05,672241
32527222347,2025-06-30,4.7142333642113954e-05,672241
32527222347,2025-07-07,4.7142333642113954e-05,672241
32527222347,2025-07-14,4.7142333642113954e-05,672241
32643461542,2025-06-23,3.527735316311009e-05,672241
32643461542,2025-06-30,3.527735316311009e-05,672241
32643461542,2025-07-07,3.527735316311009e-05,672241
32643461542,2025-07-14,3.527735316311009e-05,672241
32644385273,2025-06-23,2.359247810090892e-05,672241
32644385273,2025-06-30,2.359247810090892e-05,672241
32644385273,2025-07-07,2.359247810090892e-05,672241
32644385273,2025-07-14,2.359247810090892e-05,672241
32644501966,2025-06-23,4.841699410462752e-05,672241
32644501966,2025-06-30,4.841699410462752e-05,672241
32644501966,2025-07-07,4.841699410462752e-05,672241
32644501966,2025-07-14,4.841699410462752e-05,672241
32644518750,2025-06-23,3.9530576032120734e-05,672241
32644518750,2025-06-30,3.9530576032120734e-05,672241
32644518750,2025-07-07,3.9530576032120734e-05,672241
32644518750,2025-07-14,3.9530576032120734e-05,672241
32746043597,2025-06-23,2.4131657482939772e-05,672241
32746043597,2025-06-30,2.4131657482939772e-05,672241
32746043597,2025-07-07,2.4131657482939772e-05,672241
32746043597,2025-07-14,2.4131657482939772e-05,672241
32812905448,2025-06-23,3.3199266908923164e-05,672241
32812905448,2025-06-30,3.3199266908923164e-05,672241
32812905448,2025-07-07,3.3199266908923164e-05,672241
32812905448,2025-07-14,3.3199266908923164e-05,672241
32815784212,2025-06-23,1.20802505989559e-05,672241
32815784212,2025-06-30,1.20802505989559e-05,672241
32815784212,2025-07-07,1.20802505989559e-05,672241
32815784212,2025-07-14,1.20802505989559e-05,672241
33252040650,2025-06-23,4.556878047878854e-05,672241
33252040650,2025-06-30,4.556878047878854e-05,672241
33252040650,2025-07-07,4.556878047878854e-05,672241
33252040650,2025-07-14,4.556878047878854e-05,672241
33258093744,2025-06-23,4.072984302183613e-05,672241
33258093744,2025-06-30,4.072984302183613e-05,672241
33258093744,2025-07-07,4.072984302183613e-05,672241
33258093744,2025-07-14,4.072984302183613e-05,672241
33258116228,2025-06-23,6.344827852444723e-05,672241
33258116228,2025-06-30,6.344827852444723e-05,672241
33258116228,2025-07-07,6.344827852444723e-05,672241
33258116228,2025-07-14,6.344827852444723e-05,672241
33258136093,2025-06-23,4.6953296987339854e-05,672241
33258136093,2025-06-30,4.6953296987339854e-05,672241
33258136093,2025-07-07,4.6953296987339854e-05,672241
33258136093,2025-07-14,4.6953296987339854e-05,672241
33300624449,2025-06-23,3.209562783013098e-05,672241
33300624449,2025-06-30,3.209562783013098e-05,672241
33300624449,2025-07-07,3.209562783013098e-05,672241
33300624449,2025-07-14,3.209562783013098e-05,672241
33300985333,2025-06-23,7.3286282713525e-05,672241
33300985333,2025-06-30,7.3286282713525e-05,672241
33300985333,2025-07-07,7.3286282713525e-05,672241
33300985333,2025-07-14,7.3286282713525e-05,672241
33571814593,2025-06-23,3.0282779334811494e-05,672241
33571814593,2025-06-30,3.0282779334811494e-05,672241
33571814593,2025-07-07,3.0282779334811494e-05,672241
33571814593,2025-07-14,3.0282779334811494e-05,672241
33750536246,2025-06-23,2.4890412532840855e-05,672241
33750536246,2025-06-30,2.4890412532840855e-05,672241
33750536246,2025-07-07,2.4890412532840855e-05,672241
33750536246,2025-07-14,2.4890412532840855e-05,672241
33750578247,2025-06-23,2.0285649952711537e-05,672241
33750578247,2025-06-30,2.0285649952711537e-05,672241
33750578247,2025-07-07,2.0285649952711537e-05,672241
33750578247,2025-07-14,2.0285649952711537e-05,672241
33750613973,2025-06-23,3.214063690393232e-05,672241
33750613973,2025-06-30,3.214063690393232e-05,672241
33750613973,2025-07-07,3.214063690393232e-05,672241
33750613973,2025-07-14,3.214063690393232e-05,672241
34126797120,2025-06-23,0.0014089251635596156,672241
34126797120,2025-06-30,0.03257868438959122,672241
34126797120,2025-07-07,0.034969255328178406,672241
34126797120,2025-07-14,0.027358096092939377,672241
34126805261,2025-06-23,0.2113402932882309,672241
34126805261,2025-06-30,0.2360905408859253,672241
34126805261,2025-07-07,0.23362860083580017,672241
34126805261,2025-07-14,0.23544536530971527,672241
35281682198,2025-06-23,1.415735823684372e-05,672241
35281682198,2025-06-30,1.415735823684372e-05,672241
35281682198,2025-07-07,1.415735823684372e-05,672241
35281682198,2025-07-14,1.415735823684372e-05,672241
35414490964,2025-06-23,1.9133281966787763e-05,672241
35414490964,2025-06-30,0.0019480945775285363,672241
35414490964,2025-07-07,0.0019271899946033955,672241
35414490964,2025-07-14,0.0019271899946033955,672241
35418350431,2025-06-23,6.439369462896138e-05,672241
35418350431,2025-06-30,6.439369462896138e-05,672241
35418350431,2025-07-07,6.439369462896138e-05,672241
35418350431,2025-07-14,0.0006826058961451054,672241
35760801349,2025-06-23,0.0,672241
35760801349,2025-06-30,0.0,672241
35760801349,2025-07-07,0.030691228806972504,672241
35760801349,2025-07-14,0.0,672241
35760801674,2025-06-23,1.3457210116030183e-05,672241
35760801674,2025-06-30,0.0007853709976188838,672241
35760801674,2025-07-07,0.0007853709976188838,672241
35760801674,2025-07-14,1.3457210116030183e-05,672241
35760801996,2025-06-23,0.00017722730990499258,672241
35760801996,2025-06-30,0.00017722730990499258,672241
35760801996,2025-07-07,0.00017722730990499258,672241
35760801996,2025-07-14,0.00017722730990499258,672241
35760802213,2025-06-23,5.8806021115742624e-05,672241
35760802213,2025-06-30,5.8806021115742624e-05,672241
35760802213,2025-07-07,0.11507546901702881,672241
35760802213,2025-07-14,5.8806021115742624e-05,672241
35760802537,2025-06-23,1.6300724382745102e-05,672241
35760802537,2025-06-30,1.6300724382745102e-05,672241
35760802537,2025-07-07,1.6300724382745102e-05,672241
35760802537,2025-07-14,1.6300724382745102e-05,672241
35760802857,2025-06-23,2.5704704967211e-05,672241
35760802857,2025-06-30,2.5704704967211e-05,672241
35760802857,2025-07-07,2.5704704967211e-05,672241
35760802857,2025-07-14,2.5704704967211e-05,672241
35760803117,2025-06-23,2.1249521523714066e-05,672241
35760803117,2025-06-30,2.1249521523714066e-05,672241
35760803117,2025-07-07,2.1249521523714066e-05,672241
35760803117,2025-07-14,2.1249521523714066e-05,672241
35760803493,2025-06-23,1.20802505989559e-05,672241
35760803493,2025-06-30,1.20802505989559e-05,672241
35760803493,2025-07-07,1.20802505989559e-05,672241
35760803493,2025-07-14,1.20802505989559e-05,672241
35760803736,2025-06-23,1.5846577298361808e-05,672241
35760803736,2025-06-30,1.5846577298361808e-05,672241
35760803736,2025-07-07,1.5846577298361808e-05,672241
35760803736,2025-07-14,1.5846577298361808e-05,672241
35760804010,2025-06-23,2.2761780201108195e-05,672241
35760804010,2025-06-30,2.2761780201108195e-05,672241
35760804010,2025-07-07,2.2761780201108195e-05,672241
35760804010,2025-07-14,2.2761780201108195e-05,672241
35760804375,2025-06-23,0.0028146712575107813,672241
35760804375,2025-06-30,0.009173286147415638,672241
35760804375,2025-07-07,0.1030769795179367,672241
35760804375,2025-07-14,0.2228078693151474,672241
35760804684,2025-06-23,7.20491079846397e-05,672241
35760804684,2025-06-30,7.20491079846397e-05,672241
35760804684,2025-07-07,7.20491079846397e-05,672241
35760804684,2025-07-14,7.20491079846397e-05,672241
35760805289,2025-06-23,0.03549470007419586,672241
35760805289,2025-06-30,0.034394972026348114,672241
35760805289,2025-07-07,0.014377044513821602,672241
35760805289,2025-07-14,0.03477725759148598,672241
35760805589,2025-06-23,3.745775393326767e-05,672241
35760805589,2025-06-30,0.0,672241
35760805589,2025-07-07,0.0,672241
35760805589,2025-07-14,0.0,672241
35760805824,2025-06-23,0.0,672241
35760805824,2025-06-30,0.0,672241
35760805824,2025-07-07,0.0,672241
35760805824,2025-07-14,0.0,672241
35760806147,2025-06-23,1.7060316167771816e-05,672241
35760806147,2025-06-30,1.7060316167771816e-05,672241
35760806147,2025-07-07,1.7060316167771816e-05,672241
35760806147,2025-07-14,1.7060316167771816e-05,672241
35760806438,2025-06-23,2.2067022655392066e-05,672241
35760806438,2025-06-30,2.2067022655392066e-05,672241
35760806438,2025-07-07,0.00010929699055850506,672241
35760806438,2025-07-14,2.2067022655392066e-05,672241
35760806772,2025-06-23,2.3760423573548906e-05,672241
35760806772,2025-06-30,2.3760423573548906e-05,672241
35760806772,2025-07-07,2.3760423573548906e-05,672241
35760806772,2025-07-14,2.3760423573548906e-05,672241
35760807010,2025-06-23,1.8227179680252448e-05,672241
35760807010,2025-06-30,1.8227179680252448e-05,672241
35760807010,2025-07-07,1.8227179680252448e-05,672241
35760807010,2025-07-14,1.8227179680252448e-05,672241
35760807974,2025-06-23,0.0,672241
35760807974,2025-06-30,0.005253073759377003,672241
35760807974,2025-07-07,0.007444313261657953,672241
35760807974,2025-07-14,0.006779668852686882,672241
35760808239,2025-06-23,0.0,672241
35760808239,2025-06-30,0.000242544716456905,672241
35760808239,2025-07-07,0.0,672241
35760808239,2025-07-14,0.0,672241
35760808536,2025-06-23,2.9775659641018137e-05,672241
35760808536,2025-06-30,4.42790005763527e-05,672241
35760808536,2025-07-07,4.42790005763527e-05,672241
35760808536,2025-07-14,2.9775659641018137e-05,672241
35760808866,2025-06-23,6.197872426128015e-05,672241
35760808866,2025-06-30,6.197872426128015e-05,672241
35760808866,2025-07-07,6.197872426128015e-05,672241
35760808866,2025-07-14,0.020124832168221474,672241
35760809177,2025-06-23,0.0,672241
35760809177,2025-06-30,0.0011501861736178398,672241
35760809177,2025-07-07,0.0,672241
35760809177,2025-07-14,0.0021606050431728363,672241
35760809493,2025-06-23,2.3944603526615538e-05,672241
35760809493,2025-06-30,2.3944603526615538e-05,672241
35760809493,2025-07-07,2.3944603526615538e-05,672241
35760809493,2025-07-14,2.3944603526615538e-05,672241
35760809723,2025-06-23,2.1009389456594363e-05,672241
35760809723,2025-06-30,2.1009389456594363e-05,672241
35760809723,2025-07-07,2.1009389456594363e-05,672241
35760809723,2025-07-14,2.1009389456594363e-05,672241
35760810312,2025-06-23,1.464483193558408e-05,672241
35760810312,2025-06-30,1.464483193558408e-05,672241
35760810312,2025-07-07,1.464483193558408e-05,672241
35760810312,2025-07-14,1.464483193558408e-05,672241
35760810624,2025-06-23,2.9171616915846244e-05,672241
35760810624,2025-06-30,2.9171616915846244e-05,672241
35760810624,2025-07-07,2.9171616915846244e-05,672241
35760810624,2025-07-14,2.9171616915846244e-05,672241
35760810972,2025-06-23,3.489617301966064e-05,672241
35760810972,2025-06-30,3.489617301966064e-05,672241
35760810972,2025-07-07,3.489617301966064e-05,672241
35760810972,2025-07-14,3.489617301966064e-05,672241
35760811216,2025-06-23,0.0,672241
35760811216,2025-06-30,0.0034847904462367296,672241
35760811216,2025-07-07,0.0,672241
35760811216,2025-07-14,0.0,672241
35797749988,2025-06-23,4.729479769594036e-05,672241
35797749988,2025-06-30,4.729479769594036e-05,672241
35797749988,2025-07-07,4.729479769594036e-05,672241
35797749988,2025-07-14,4.729479769594036e-05,672241
35845590961,2025-06-23,2.670015237526968e-05,672241
35845590961,2025-06-30,2.670015237526968e-05,672241
35845590961,2025-07-07,2.670015237526968e-05,672241
35845590961,2025-07-14,2.670015237526968e-05,672241
35846286376,2025-06-23,3.9748319977661595e-05,672241
35846286376,2025-06-30,3.9748319977661595e-05,672241
35846286376,2025-07-07,3.9748319977661595e-05,672241
35846286376,2025-07-14,3.9748319977661595e-05,672241
35846511668,2025-06-23,2.9434479074552655e-05,672241
35846511668,2025-06-30,2.9434479074552655e-05,672241
35846511668,2025-07-07,2.9434479074552655e-05,672241
35846511668,2025-07-14,2.9434479074552655e-05,672241
35846548593,2025-06-23,3.0151233659125865e-05,672241
35846548593,2025-06-30,3.0151233659125865e-05,672241
35846548593,2025-07-07,3.0151233659125865e-05,672241
35846548593,2025-07-14,3.0151233659125865e-05,672241
36407064097,2025-06-23,3.9680471672909334e-05,672241
36407064097,2025-06-30,3.9680471672909334e-05,672241
36407064097,2025-07-07,3.9680471672909334e-05,672241
36407064097,2025-07-14,3.9680471672909334e-05,672241
36442662378,2025-06-23,0.0003944294003304094,672241
36442662378,2025-06-30,0.0006665920955128968,672241
36442662378,2025-07-07,0.0006665920955128968,672241
36442662378,2025-07-14,0.0003944294003304094,672241
36442913739,2025-06-23,0.00010801165626617149,672241
36442913739,2025-06-30,0.00010801165626617149,672241
36442913739,2025-07-07,0.00010801165626617149,672241
36442913739,2025-07-14,0.00010801165626617149,672241
36918045023,2025-06-23,1.7769791156752035e-05,672241
36918045023,2025-06-30,1.7769791156752035e-05,672241
36918045023,2025-07-07,1.7769791156752035e-05,672241
36918045023,2025-07-14,1.7769791156752035e-05,672241
36923304973,2025-06-23,2.441512515360955e-05,672241
36923304973,2025-06-30,2.441512515360955e-05,672241
36923304973,2025-07-07,2.441512515360955e-05,672241
36923304973,2025-07-14,2.441512515360955e-05,672241
36924668188,2025-06-23,0.0,672241
36924668188,2025-06-30,0.0,672241
36924668188,2025-07-07,0.0,672241
36924668188,2025-07-14,0.0,672241
36924687323,2025-06-23,0.0,672241
36924687323,2025-06-30,0.0,672241
36924687323,2025-07-07,0.0,672241
36924687323,2025-07-14,0.0,672241
36924792617,2025-06-23,1.2281361705390736e-05,672241
36924792617,2025-06-30,1.2281361705390736e-05,672241
36924792617,2025-07-07,1.2281361705390736e-05,672241
36924792617,2025-07-14,1.2281361705390736e-05,672241
36925028712,2025-06-23,9.074735316971783e-06,672241
36925028712,2025-06-30,9.074735316971783e-06,672241
36925028712,2025-07-07,9.074735316971783e-06,672241
36925028712,2025-07-14,9.074735316971783e-06,672241
36925173329,2025-06-23,0.0,672241
36925173329,2025-06-30,0.0,672241
36925173329,2025-07-07,0.0,672241
36925173329,2025-07-14,0.0,672241
36925451776,2025-06-23,1.2620910638361238e-05,672241
36925451776,2025-06-30,1.2620910638361238e-05,672241
36925451776,2025-07-07,1.2620910638361238e-05,672241
36925451776,2025-07-14,1.2620910638361238e-05,672241
36929905877,2025-06-23,0.0,672241
36929905877,2025-06-30,0.0,672241
36929905877,2025-07-07,0.0,672241
36929905877,2025-07-14,0.0,672241
36932256672,2025-06-23,9.074735316971783e-06,672241
36932256672,2025-06-30,9.074735316971783e-06,672241
36932256672,2025-07-07,9.074735316971783e-06,672241
36932256672,2025-07-14,9.074735316971783e-06,672241
36934182989,2025-06-23,1.2620910638361238e-05,672241
36934182989,2025-06-30,1.2620910638361238e-05,672241
36934182989,2025-07-07,1.2620910638361238e-05,672241
36934182989,2025-07-14,1.2620910638361238e-05,672241
36952764350,2025-06-23,5.075369335827418e-05,672241
36952764350,2025-06-30,5.075369335827418e-05,672241
36952764350,2025-07-07,5.075369335827418e-05,672241
36952764350,2025-07-14,5.075369335827418e-05,672241
36952921551,2025-06-23,3.1874213163973764e-05,672241
36952921551,2025-06-30,3.1874213163973764e-05,672241
36952921551,2025-07-07,3.1874213163973764e-05,672241
36952921551,2025-07-14,3.1874213163973764e-05,672241
36952968358,2025-06-23,5.3229039622237906e-05,672241
36952968358,2025-06-30,5.3229039622237906e-05,672241
36952968358,2025-07-07,5.3229039622237906e-05,672241
36952968358,2025-07-14,5.3229039622237906e-05,672241
37232337056,2025-06-23,3.93603986594826e-05,672241
37232337056,2025-06-30,3.93603986594826e-05,672241
37232337056,2025-07-07,3.93603986594826e-05,672241
37232337056,2025-07-14,3.93603986594826e-05,672241
37342256451,2025-06-23,4.012429781141691e-05,672241
37342256451,2025-06-30,4.012429781141691e-05,672241
37342256451,2025-07-07,4.012429781141691e-05,672241
37342256451,2025-07-14,4.012429781141691e-05,672241
37343374872,2025-06-23,1.757093377818819e-05,672241
37343374872,2025-06-30,1.757093377818819e-05,672241
37343374872,2025-07-07,1.757093377818819e-05,672241
37343374872,2025-07-14,1.757093377818819e-05,672241
37344189072,2025-06-23,0.0,672241
37344189072,2025-06-30,0.00048651883844286203,672241
37344189072,2025-07-07,0.00048651883844286203,672241
37344189072,2025-07-14,0.0,672241
37344544280,2025-06-23,3.988971729995683e-05,672241
37344544280,2025-06-30,3.988971729995683e-05,672241
37344544280,2025-07-07,3.988971729995683e-05,672241
37344544280,2025-07-14,3.988971729995683e-05,672241
38280841811,2025-06-23,2.3068752852850594e-05,672241
38280841811,2025-06-30,2.3068752852850594e-05,672241
38280841811,2025-07-07,2.3068752852850594e-05,672241
38280841811,2025-07-14,2.3068752852850594e-05,672241
38281454130,2025-06-23,2.3491344109061174e-05,672241
38281454130,2025-06-30,2.3491344109061174e-05,672241
38281454130,2025-07-07,2.3491344109061174e-05,672241
38281454130,2025-07-14,2.3491344109061174e-05,672241
38282283940,2025-06-23,1.3594535630545579e-05,672241
38282283940,2025-06-30,1.3594535630545579e-05,672241
38282283940,2025-07-07,1.3594535630545579e-05,672241
38282283940,2025-07-14,1.3594535630545579e-05,672241
38353593948,2025-06-23,3.337486486998387e-05,672241
38353593948,2025-06-30,3.337486486998387e-05,672241
38353593948,2025-07-07,3.337486486998387e-05,672241
38353593948,2025-07-14,3.337486486998387e-05,672241
38354014830,2025-06-23,6.244522228371352e-05,672241
38354014830,2025-06-30,6.244522228371352e-05,672241
38354014830,2025-07-07,6.244522228371352e-05,672241
38354014830,2025-07-14,6.244522228371352e-05,672241
38354067981,2025-06-23,0.0006752514163963497,672241
38354067981,2025-06-30,0.0007114125764928758,672241
38354067981,2025-07-07,0.0007114125764928758,672241
38354067981,2025-07-14,0.0007114125764928758,672241
38354074222,2025-06-23,1.970752236957196e-05,672241
38354074222,2025-06-30,1.970752236957196e-05,672241
38354074222,2025-07-07,1.970752236957196e-05,672241
38354074222,2025-07-14,1.970752236957196e-05,672241
38598934876,2025-06-23,1.0391876458015759e-05,672241
38598934876,2025-06-30,1.0391876458015759e-05,672241
38598934876,2025-07-07,1.0391876458015759e-05,672241
38598934876,2025-07-14,1.0391876458015759e-05,672241
38599650318,2025-06-23,0.0,672241
38599650318,2025-06-30,0.0,672241
38599650318,2025-07-07,0.0,672241
38599650318,2025-07-14,0.0,672241
38599735521,2025-06-23,9.474046237301081e-06,672241
38599735521,2025-06-30,9.474046237301081e-06,672241
38599735521,2025-07-07,9.474046237301081e-06,672241
38599735521,2025-07-14,9.474046237301081e-06,672241
38675272223,2025-06-23,2.462719385221135e-05,672241
38675272223,2025-06-30,2.462719385221135e-05,672241
38675272223,2025-07-07,2.462719385221135e-05,672241
38675272223,2025-07-14,2.462719385221135e-05,672241
38676507640,2025-06-23,1.3594535630545579e-05,672241
38676507640,2025-06-30,1.3594535630545579e-05,672241
38676507640,2025-07-07,1.3594535630545579e-05,672241
38676507640,2025-07-14,1.3594535630545579e-05,672241
38676661854,2025-06-23,2.1843870854354464e-05,672241
38676661854,2025-06-30,2.1843870854354464e-05,672241
38676661854,2025-07-07,2.1843870854354464e-05,672241
38676661854,2025-07-14,2.1843870854354464e-05,672241
38676704412,2025-06-23,2.30201767408289e-05,672241
38676704412,2025-06-30,2.30201767408289e-05,672241
38676704412,2025-07-07,2.30201767408289e-05,672241
38676704412,2025-07-14,2.30201767408289e-05,672241
38676726059,2025-06-23,1.4473405826720409e-05,672241
38676726059,2025-06-30,1.4473405826720409e-05,672241
38676726059,2025-07-07,1.4473405826720409e-05,672241
38676726059,2025-07-14,1.4473405826720409e-05,672241
38676919811,2025-06-23,3.5111541365040466e-05,672241
38676919811,2025-06-30,3.5111541365040466e-05,672241
38676919811,2025-07-07,3.5111541365040466e-05,672241
38676919811,2025-07-14,3.5111541365040466e-05,672241
38676944496,2025-06-23,3.32367344526574e-05,672241
38676944496,2025-06-30,3.32367344526574e-05,672241
38676944496,2025-07-07,3.32367344526574e-05,672241
38676944496,2025-07-14,3.32367344526574e-05,672241
38677029055,2025-06-23,3.825316525762901e-05,672241
38677029055,2025-06-30,3.825316525762901e-05,672241
38677029055,2025-07-07,3.825316525762901e-05,672241
38677029055,2025-07-14,3.825316525762901e-05,672241
38677032646,2025-06-23,3.0788691219640896e-05,672241
38677032646,2025-06-30,0.00030372507171705365,672241
38677032646,2025-07-07,3.0788691219640896e-05,672241
38677032646,2025-07-14,3.0788691219640896e-05,672241
38677051225,2025-06-23,3.968934470321983e-05,672241
38677051225,2025-06-30,3.968934470321983e-05,672241
38677051225,2025-07-07,3.968934470321983e-05,672241
38677051225,2025-07-14,3.968934470321983e-05,672241
38677090284,2025-06-23,3.901512172888033e-05,672241
38677090284,2025-06-30,3.901512172888033e-05,672241
38677090284,2025-07-07,3.901512172888033e-05,672241
38677090284,2025-07-14,3.901512172888033e-05,672241
38677235450,2025-06-23,2.782103001663927e-05,672241
38677235450,2025-06-30,2.782103001663927e-05,672241
38677235450,2025-07-07,2.782103001663927e-05,672241
38677235450,2025-07-14,2.782103001663927e-05,672241
38677320037,2025-06-23,2.9383427317952737e-05,672241
38677320037,2025-06-30,2.9383427317952737e-05,672241
38677320037,2025-07-07,2.9383427317952737e-05,672241
38677320037,2025-07-14,2.9383427317952737e-05,672241
38677419399,2025-06-23,1.985839662665967e-05,672241
38677419399,2025-06-30,1.985839662665967e-05,672241
38677419399,2025-07-07,1.985839662665967e-05,672241
38677419399,2025-07-14,1.985839662665967e-05,672241
38677459566,2025-06-23,2.271346966153942e-05,672241
38677459566,2025-06-30,2.271346966153942e-05,672241
38677459566,2025-07-07,2.271346966153942e-05,672241
38677459566,2025-07-14,2.271346966153942e-05,672241
38677463756,2025-06-23,2.2283515136223286e-05,672241
38677463756,2025-06-30,2.2283515136223286e-05,672241
38677463756,2025-07-07,2.2283515136223286e-05,672241
38677463756,2025-07-14,2.2283515136223286e-05,672241
38677465824,2025-06-23,2.744701851042919e-05,672241
38677465824,2025-06-30,0.0006420942954719067,672241
38677465824,2025-07-07,2.744701851042919e-05,672241
38677465824,2025-07-14,2.744701851042919e-05,672241
38781988859,2025-06-23,6.496470450656489e-05,672241
38781988859,2025-06-30,4.696658288594335e-05,672241
38781988859,2025-07-07,4.696658288594335e-05,672241
38781988859,2025-07-14,4.696658288594335e-05,672241
38800819249,2025-06-23,2.3968050300027244e-05,672241
38800819249,2025-06-30,2.3968050300027244e-05,672241
38800819249,2025-07-07,2.3968050300027244e-05,672241
38800819249,2025-07-14,0.0001794569252524525,672241
38800942867,2025-06-23,1.985839662665967e-05,672241
38800942867,2025-06-30,1.985839662665967e-05,672241
38800942867,2025-07-07,1.985839662665967e-05,672241
38800942867,2025-07-14,1.985839662665967e-05,672241
38801183774,2025-06-23,3.490408562356606e-05,672241
38801183774,2025-06-30,3.490408562356606e-05,672241
38801183774,2025-07-07,3.490408562356606e-05,672241
38801183774,2025-07-14,3.490408562356606e-05,672241
38801498118,2025-06-23,3.690500670927577e-05,672241
38801498118,2025-06-30,3.693657708936371e-05,672241
38801498118,2025-07-07,3.690500670927577e-05,672241
38801498118,2025-07-14,3.690500670927577e-05,672241
38801689265,2025-06-23,3.217456105630845e-05,672241
38801689265,2025-06-30,3.217456105630845e-05,672241
38801689265,2025-07-07,3.217456105630845e-05,672241
38801689265,2025-07-14,3.217456105630845e-05,672241
38801749516,2025-06-23,1.886781319626607e-05,672241
38801749516,2025-06-30,1.886781319626607e-05,672241
38801749516,2025-07-07,1.886781319626607e-05,672241
38801749516,2025-07-14,1.886781319626607e-05,672241
38802030325,2025-06-23,2.208877049270086e-05,672241
38802030325,2025-06-30,2.208877049270086e-05,672241
38802030325,2025-07-07,2.208877049270086e-05,672241
38802030325,2025-07-14,2.208877049270086e-05,672241
38802044766,2025-06-23,1.9164936020388268e-05,672241
38802044766,2025-06-30,1.9164936020388268e-05,672241
38802044766,2025-07-07,1.9164936020388268e-05,672241
38802044766,2025-07-14,1.9164936020388268e-05,672241
38802062486,2025-06-23,3.250239751650952e-05,672241
38802062486,2025-06-30,3.250239751650952e-05,672241
38802062486,2025-07-07,0.03902474790811539,672241
38802062486,2025-07-14,3.250239751650952e-05,672241
38802063648,2025-06-23,3.898223803844303e-05,672241
38802063648,2025-06-30,3.898223803844303e-05,672241
38802063648,2025-07-07,3.898223803844303e-05,672241
38802063648,2025-07-14,3.898223803844303e-05,672241
38834652679,2025-06-23,2.896357182180509e-05,672241
38834652679,2025-06-30,2.896357182180509e-05,672241
38834652679,2025-07-07,2.896357182180509e-05,672241
38834652679,2025-07-14,2.896357182180509e-05,672241
38854310471,2025-06-23,1.985839662665967e-05,672241
38854310471,2025-06-30,1.985839662665967e-05,672241
38854310471,2025-07-07,1.985839662665967e-05,672241
38854310471,2025-07-14,1.985839662665967e-05,672241
38854484797,2025-06-23,1.346254884992959e-05,672241
38854484797,2025-06-30,1.346254884992959e-05,672241
38854484797,2025-07-07,1.346254884992959e-05,672241
38854484797,2025-07-14,1.346254884992959e-05,672241
38854578923,2025-06-23,2.963884617201984e-05,672241
38854578923,2025-06-30,2.963884617201984e-05,672241
38854578923,2025-07-07,2.963884617201984e-05,672241
38854578923,2025-07-14,2.963884617201984e-05,672241
38854638939,2025-06-23,2.4877428586478345e-05,672241
38854638939,2025-06-30,2.4877428586478345e-05,672241
38854638939,2025-07-07,2.4877428586478345e-05,672241
38854638939,2025-07-14,2.4877428586478345e-05,672241
38854719931,2025-06-23,2.041169864241965e-05,672241
38854719931,2025-06-30,2.041169864241965e-05,672241
38854719931,2025-07-07,2.041169864241965e-05,672241
38854719931,2025-07-14,2.041169864241965e-05,672241
38854871121,2025-06-23,1.7769791156752035e-05,672241
38854871121,2025-06-30,1.7769791156752035e-05,672241
38854871121,2025-07-07,1.7769791156752035e-05,672241
38854871121,2025-07-14,1.7769791156752035e-05,672241
38873536553,2025-06-23,1.133812838816084e-05,672241
38873536553,2025-06-30,1.133812838816084e-05,672241
38873536553,2025-07-07,1.133812838816084e-05,672241
38873536553,2025-07-14,1.133812838816084e-05,672241
38874052232,2025-06-23,2.0895009583909996e-05,672241
38874052232,2025-06-30,2.0895009583909996e-05,672241
38874052232,2025-07-07,2.0895009583909996e-05,672241
38874052232,2025-07-14,2.0895009583909996e-05,672241
39231034278,2025-06-23,2.7214293368160725e-05,672241
39231034278,2025-06-30,2.7214293368160725e-05,672241
39231034278,2025-07-07,2.7214293368160725e-05,672241
39231034278,2025-07-14,2.7214293368160725e-05,672241
39233070674,2025-06-23,1.985839662665967e-05,672241
39233070674,2025-06-30,1.985839662665967e-05,672241
39233070674,2025-07-07,1.985839662665967e-05,672241
39233070674,2025-07-14,1.985839662665967e-05,672241
39233433918,2025-06-23,2.3432048692484386e-05,672241
39233433918,2025-06-30,2.3432048692484386e-05,672241
39233433918,2025-07-07,2.3432048692484386e-05,672241
39233433918,2025-07-14,2.3432048692484386e-05,672241
39233458243,2025-06-23,3.112965350737795e-05,672241
39233458243,2025-06-30,3.112965350737795e-05,672241
39233458243,2025-07-07,3.112965350737795e-05,672241
39233458243,2025-07-14,3.112965350737795e-05,672241
39233855712,2025-06-23,3.064214251935482e-05,672241
39233855712,2025-06-30,3.064214251935482e-05,672241
39233855712,2025-07-07,3.064214251935482e-05,672241
39233855712,2025-07-14,3.064214251935482e-05,672241
39234021695,2025-06-23,2.9236500267870724e-05,672241
39234021695,2025-06-30,2.9236500267870724e-05,672241
39234021695,2025-07-07,2.9236500267870724e-05,672241
39234021695,2025-07-14,2.9236500267870724e-05,672241
39267672963,2025-06-23,1.7769791156752035e-05,672241
39267672963,2025-06-30,1.7769791156752035e-05,672241
39267672963,2025-07-07,1.7769791156752035e-05,672241
39267672963,2025-07-14,1.7769791156752035e-05,672241
39267673237,2025-06-23,1.3594535630545579e-05,672241
39267673237,2025-06-30,1.3594535630545579e-05,672241
39267673237,2025-07-07,1.3594535630545579e-05,672241
39267673237,2025-07-14,1.3594535630545579e-05,672241
39267673893,2025-06-23,2.863295958377421e-05,672241
39267673893,2025-06-30,2.863295958377421e-05,672241
39267673893,2025-07-07,2.863295958377421e-05,672241
39267673893,2025-07-14,2.863295958377421e-05,672241
39267674193,2025-06-23,1.20802505989559e-05,672241
39267674193,2025-06-30,1.20802505989559e-05,672241
39267674193,2025-07-07,1.20802505989559e-05,672241
39267674193,2025-07-14,1.20802505989559e-05,672241
39267674431,2025-06-23,1.20802505989559e-05,672241
39267674431,2025-06-30,1.20802505989559e-05,672241
39267674431,2025-07-07,1.20802505989559e-05,672241
39267674431,2025-07-14,1.20802505989559e-05,672241
39267674723,2025-06-23,1.8771177565213293e-05,672241
39267674723,2025-06-30,1.8771177565213293e-05,672241
39267674723,2025-07-07,1.8771177565213293e-05,672241
39267674723,2025-07-14,1.8771177565213293e-05,672241
39267675034,2025-06-23,2.2084976080805063e-05,672241
39267675034,2025-06-30,2.2084976080805063e-05,672241
39267675034,2025-07-07,2.2084976080805063e-05,672241
39267675034,2025-07-14,2.2084976080805063e-05,672241
39814768574,2025-06-23,6.767609738744795e-05,672241
39814768574,2025-06-30,6.767609738744795e-05,672241
39814768574,2025-07-07,6.767609738744795e-05,672241
39814768574,2025-07-14,6.767609738744795e-05,672241
40000050358,2025-06-23,1.2620910638361238e-05,672241
40000050358,2025-06-30,1.2620910638361238e-05,672241
40000050358,2025-07-07,1.2620910638361238e-05,672241
40000050358,2025-07-14,1.2620910638361238e-05,672241
40154920524,2025-06-23,4.180436008027755e-05,672241
40154920524,2025-06-30,4.180436008027755e-05,672241
40154920524,2025-07-07,4.180436008027755e-05,672241
40154920524,2025-07-14,4.180436008027755e-05,672241
40154921194,2025-06-23,4.4903208618052304e-05,672241
40154921194,2025-06-30,0.009612718597054482,672241
40154921194,2025-07-07,4.4903208618052304e-05,672241
40154921194,2025-07-14,4.4903208618052304e-05,672241
40545530187,2025-06-23,2.4516071789548732e-05,672241
40545530187,2025-06-30,2.4516071789548732e-05,672241
40545530187,2025-07-07,2.4516071789548732e-05,672241
40545530187,2025-07-14,2.4516071789548732e-05,672241
40545530450,2025-06-23,1.190203329315409e-05,672241
40545530450,2025-06-30,1.190203329315409e-05,672241
40545530450,2025-07-07,1.190203329315409e-05,672241
40545530450,2025-07-14,1.190203329315409e-05,672241
40790539263,2025-06-23,3.910821760655381e-05,672241
40790539263,2025-06-30,3.910821760655381e-05,672241
40790539263,2025-07-07,3.910821760655381e-05,672241
40790539263,2025-07-14,3.910821760655381e-05,672241
41273567751,2025-06-23,4.225756856612861e-05,672241
41273567751,2025-06-30,4.225756856612861e-05,672241
41273567751,2025-07-07,4.225756856612861e-05,672241
41273567751,2025-07-14,4.225756856612861e-05,672241
41273568359,2025-06-23,4.528108547674492e-05,672241
41273568359,2025-06-30,4.528108547674492e-05,672241
41273568359,2025-07-07,4.528108547674492e-05,672241
41273568359,2025-07-14,4.528108547674492e-05,672241
41273568614,2025-06-23,4.519445064943284e-05,672241
41273568614,2025-06-30,4.519445064943284e-05,672241
41273568614,2025-07-07,4.519445064943284e-05,672241
41273568614,2025-07-14,4.519445064943284e-05,672241
41276985638,2025-06-23,2.4193208446376957e-05,672241
41276985638,2025-06-30,2.4193208446376957e-05,672241
41276985638,2025-07-07,2.4193208446376957e-05,672241
41276985638,2025-07-14,2.4193208446376957e-05,672241
41491392694,2025-06-23,5.0356695282971486e-05,672241
41491392694,2025-06-30,5.0356695282971486e-05,672241
41491392694,2025-07-07,5.0356695282971486e-05,672241
41491392694,2025-07-14,5.0356695282971486e-05,672241
41491392968,2025-06-23,5.307934043230489e-05,672241
41491392968,2025-06-30,5.307934043230489e-05,672241
41491392968,2025-07-07,5.307934043230489e-05,672241
41491392968,2025-07-14,5.307934043230489e-05,672241
41491393273,2025-06-23,5.221686660661362e-05,672241
41491393273,2025-06-30,5.221686660661362e-05,672241
41491393273,2025-07-07,5.221686660661362e-05,672241
41491393273,2025-07-14,5.221686660661362e-05,672241
41491394123,2025-06-23,3.630783248809166e-05,672241
41491394123,2025-06-30,3.630783248809166e-05,672241
41491394123,2025-07-07,3.630783248809166e-05,672241
41491394123,2025-07-14,3.630783248809166e-05,672241
41513223318,2025-06-23,2.3215607143356465e-05,672241
41513223318,2025-06-30,2.3215607143356465e-05,672241
41513223318,2025-07-07,2.3215607143356465e-05,672241
41513223318,2025-07-14,2.3215607143356465e-05,672241
41514786616,2025-06-23,2.738668626989238e-05,672241
41514786616,2025-06-30,2.738668626989238e-05,672241
41514786616,2025-07-07,2.738668626989238e-05,672241
41514786616,2025-07-14,2.738668626989238e-05,672241
41515050363,2025-06-23,2.6382116629974917e-05,672241
41515050363,2025-06-30,2.6382116629974917e-05,672241
41515050363,2025-07-07,2.6382116629974917e-05,672241
41515050363,2025-07-14,2.6382116629974917e-05,672241
41603545216,2025-06-23,5.095081723993644e-05,672241
41603545216,2025-06-30,5.095081723993644e-05,672241
41603545216,2025-07-07,5.095081723993644e-05,672241
41603545216,2025-07-14,5.095081723993644e-05,672241
41604602159,2025-06-23,3.1641517125535756e-05,672241
41604602159,2025-06-30,3.1641517125535756e-05,672241
41604602159,2025-07-07,3.1641517125535756e-05,672241
41604602159,2025-07-14,3.1641517125535756e-05,672241
41605550723,2025-06-23,3.102417031186633e-05,672241
41605550723,2025-06-30,3.102417031186633e-05,672241
41605550723,2025-07-07,3.102417031186633e-05,672241
41605550723,2025-07-14,3.102417031186633e-05,672241
41662780238,2025-06-23,3.887603816110641e-05,672241
41662780238,2025-06-30,3.887603816110641e-05,672241
41662780238,2025-07-07,3.887603816110641e-05,672241
41662780238,2025-07-14,3.887603816110641e-05,672241
41662784784,2025-06-23,5.431468889582902e-05,672241
41662784784,2025-06-30,5.431468889582902e-05,672241
41662784784,2025-07-07,5.431468889582902e-05,672241
41662784784,2025-07-14,5.431468889582902e-05,672241
41662829751,2025-06-23,1.2641226931009442e-05,672241
41662829751,2025-06-30,0.0,672241
41662829751,2025-07-07,0.0,672241
41662829751,2025-07-14,0.0,672241
41844855621,2025-06-23,2.6154957595281303e-05,672241
41844855621,2025-06-30,2.6154957595281303e-05,672241
41844855621,2025-07-07,2.6154957595281303e-05,672241
41844855621,2025-07-14,2.6154957595281303e-05,672241
41844855933,2025-06-23,2.5502387870801613e-05,672241
41844855933,2025-06-30,2.5502387870801613e-05,672241
41844855933,2025-07-07,2.5502387870801613e-05,672241
41844855933,2025-07-14,2.5502387870801613e-05,672241
41844856242,2025-06-23,1.20802505989559e-05,672241
41844856242,2025-06-30,1.20802505989559e-05,672241
41844856242,2025-07-07,1.20802505989559e-05,672241
41844856242,2025-07-14,1.20802505989559e-05,672241
41859075396,2025-06-23,2.8685964934993535e-05,672241
41859075396,2025-06-30,2.8685964934993535e-05,672241
41859075396,2025-07-07,2.8685964934993535e-05,672241
41859075396,2025-07-14,2.8685964934993535e-05,672241
41895087041,2025-06-23,0.0,672241
41895087041,2025-06-30,0.0,672241
41895087041,2025-07-07,0.0,672241
41895087041,2025-07-14,0.0,672241
41911704936,2025-06-23,3.109958561253734e-05,672241
41911704936,2025-06-30,3.109958561253734e-05,672241
41911704936,2025-07-07,3.109958561253734e-05,672241
41911704936,2025-07-14,3.109958561253734e-05,672241
41911928478,2025-06-23,3.38670433848165e-05,672241
41911928478,2025-06-30,3.38670433848165e-05,672241
41911928478,2025-07-07,3.38670433848165e-05,672241
41911928478,2025-07-14,3.38670433848165e-05,672241
41931934851,2025-06-23,1.0391876458015759e-05,672241
41931934851,2025-06-30,1.0391876458015759e-05,672241
41931934851,2025-07-07,1.0391876458015759e-05,672241
41931934851,2025-07-14,1.0391876458015759e-05,672241
42041590570,2025-06-23,3.098129673162475e-05,672241
42041590570,2025-06-30,3.098129673162475e-05,672241
42041590570,2025-07-07,3.098129673162475e-05,672241
42041590570,2025-07-14,3.098129673162475e-05,672241
42200461570,2025-06-23,1.7136946553364396e-05,672241
42200461570,2025-06-30,1.7136946553364396e-05,672241
42200461570,2025-07-07,1.7136946553364396e-05,672241
42200461570,2025-07-14,1.7136946553364396e-05,672241
42332432433,2025-06-23,2.5923216526280157e-05,672241
42332432433,2025-06-30,2.5923216526280157e-05,672241
42332432433,2025-07-07,2.5923216526280157e-05,672241
42332432433,2025-07-14,2.5923216526280157e-05,672241
42332432797,2025-06-23,2.6570891350274906e-05,672241
42332432797,2025-06-30,2.6570891350274906e-05,672241
42332432797,2025-07-07,2.6570891350274906e-05,672241
42332432797,2025-07-14,2.6570891350274906e-05,672241
42332433059,2025-06-23,2.8051570552634075e-05,672241
42332433059,2025-06-30,2.8051570552634075e-05,672241
42332433059,2025-07-07,2.8051570552634075e-05,672241
42332433059,2025-07-14,2.8051570552634075e-05,672241
42332433314,2025-06-23,1.3636343282996677e-05,672241
42332433314,2025-06-30,1.3636343282996677e-05,672241
42332433314,2025-07-07,1.3636343282996677e-05,672241
42332433314,2025-07-14,1.3636343282996677e-05,672241
42332433924,2025-06-23,1.8891565559897572e-05,672241
42332433924,2025-06-30,1.8891565559897572e-05,672241
42332433924,2025-07-07,1.8891565559897572e-05,672241
42332433924,2025-07-14,1.8891565559897572e-05,672241
42834137936,2025-06-23,3.069211379624903e-05,672241
42834137936,2025-06-30,3.069211379624903e-05,672241
42834137936,2025-07-07,3.069211379624903e-05,672241
42834137936,2025-07-14,3.069211379624903e-05,672241
42931106661,2025-06-23,9.074735316971783e-06,672241
42931106661,2025-06-30,9.074735316971783e-06,672241
42931106661,2025-07-07,9.074735316971783e-06,672241
42931106661,2025-07-14,9.074735316971783e-06,672241
42931107278,2025-06-23,0.0,672241
42931107278,2025-06-30,0.0,672241
42931107278,2025-07-07,0.0,672241
42931107278,2025-07-14,0.0,672241
42931107587,2025-06-23,0.0,672241
42931107587,2025-06-30,0.0,672241
42931107587,2025-07-07,0.0,672241
42931107587,2025-07-14,0.0,672241
42931107890,2025-06-23,0.0,672241
42931107890,2025-06-30,0.0,672241
42931107890,2025-07-07,0.0,672241
42931107890,2025-07-14,0.0,672241
42931108114,2025-06-23,0.0,672241
42931108114,2025-06-30,0.0,672241
42931108114,2025-07-07,0.0,672241
42931108114,2025-07-14,0.0,672241
42931108441,2025-06-23,1.3594535630545579e-05,672241
42931108441,2025-06-30,1.3594535630545579e-05,672241
42931108441,2025-07-07,1.3594535630545579e-05,672241
42931108441,2025-07-14,1.3594535630545579e-05,672241
42931108792,2025-06-23,0.0,672241
42931108792,2025-06-30,0.0,672241
42931108792,2025-07-07,0.0,672241
42931108792,2025-07-14,0.0,672241
42997339136,2025-06-23,1.5435383829753846e-05,672241
42997339136,2025-06-30,1.5435383829753846e-05,672241
42997339136,2025-07-07,1.5435383829753846e-05,672241
42997339136,2025-07-14,1.5435383829753846e-05,672241
42997343957,2025-06-23,2.1255929823382758e-05,672241
42997343957,2025-06-30,2.1255929823382758e-05,672241
42997343957,2025-07-07,2.1255929823382758e-05,672241
42997343957,2025-07-14,2.1255929823382758e-05,672241
42997346034,2025-06-23,1.5851674106670544e-05,672241
42997346034,2025-06-30,1.5851674106670544e-05,672241
42997346034,2025-07-07,1.5851674106670544e-05,672241
42997346034,2025-07-14,1.5851674106670544e-05,672241
42997350212,2025-06-23,1.20802505989559e-05,672241
42997350212,2025-06-30,1.20802505989559e-05,672241
42997350212,2025-07-07,1.20802505989559e-05,672241
42997350212,2025-07-14,1.20802505989559e-05,672241
42997353572,2025-06-23,9.074735316971783e-06,672241
42997353572,2025-06-30,9.074735316971783e-06,672241
42997353572,2025-07-07,9.074735316971783e-06,672241
42997353572,2025-07-14,9.074735316971783e-06,672241
42997355673,2025-06-23,1.20802505989559e-05,672241
42997355673,2025-06-30,1.20802505989559e-05,672241
42997355673,2025-07-07,1.20802505989559e-05,672241
42997355673,2025-07-14,1.20802505989559e-05,672241
42997357738,2025-06-23,1.2620910638361238e-05,672241
42997357738,2025-06-30,1.2620910638361238e-05,672241
42997357738,2025-07-07,1.2620910638361238e-05,672241
42997357738,2025-07-14,1.2620910638361238e-05,672241
42997360431,2025-06-23,1.605303077667486e-05,672241
42997360431,2025-06-30,1.605303077667486e-05,672241
42997360431,2025-07-07,1.605303077667486e-05,672241
42997360431,2025-07-14,1.605303077667486e-05,672241
42997361992,2025-06-23,1.20802505989559e-05,672241
42997361992,2025-06-30,1.20802505989559e-05,672241
42997361992,2025-07-07,1.20802505989559e-05,672241
42997361992,2025-07-14,1.20802505989559e-05,672241
42997363795,2025-06-23,9.074735316971783e-06,672241
42997363795,2025-06-30,9.074735316971783e-06,672241
42997363795,2025-07-07,9.074735316971783e-06,672241
42997363795,2025-07-14,9.074735316971783e-06,672241
42997366151,2025-06-23,1.7769791156752035e-05,672241
42997366151,2025-06-30,1.7769791156752035e-05,672241
42997366151,2025-07-07,1.7769791156752035e-05,672241
42997366151,2025-07-14,1.7769791156752035e-05,672241
42997370010,2025-06-23,2.4522931198589504e-05,672241
42997370010,2025-06-30,2.4522931198589504e-05,672241
42997370010,2025-07-07,2.4522931198589504e-05,672241
42997370010,2025-07-14,2.4522931198589504e-05,672241
42997372184,2025-06-23,1.7272723198402673e-05,672241
42997372184,2025-06-30,1.7272723198402673e-05,672241
42997372184,2025-07-07,1.7272723198402673e-05,672241
42997372184,2025-07-14,1.7272723198402673e-05,672241
42997374577,2025-06-23,1.6464140571770258e-05,672241
42997374577,2025-06-30,1.6464140571770258e-05,672241
42997374577,2025-07-07,1.6464140571770258e-05,672241
42997374577,2025-07-14,1.6464140571770258e-05,672241
42997376375,2025-06-23,2.6740630346466787e-05,672241
42997376375,2025-06-30,2.6740630346466787e-05,672241
42997376375,2025-07-07,2.6740630346466787e-05,672241
42997376375,2025-07-14,2.6740630346466787e-05,672241
42997381110,2025-06-23,6.529873644467443e-05,672241
42997381110,2025-06-30,6.529873644467443e-05,672241
42997381110,2025-07-07,6.529873644467443e-05,672241
42997381110,2025-07-14,2.9697386707994156e-05,672241
42997385022,2025-06-23,3.208733323845081e-05,672241
42997385022,2025-06-30,3.208733323845081e-05,672241
42997385022,2025-07-07,3.208733323845081e-05,672241
42997385022,2025-07-14,3.208733323845081e-05,672241
42997389826,2025-06-23,3.3225958759430796e-05,672241
42997389826,2025-06-30,3.3225958759430796e-05,672241
42997389826,2025-07-07,3.3225958759430796e-05,672241
42997389826,2025-07-14,3.3225958759430796e-05,672241
42997394698,2025-06-23,3.452547753113322e-05,672241
42997394698,2025-06-30,3.452547753113322e-05,672241
42997394698,2025-07-07,3.452547753113322e-05,672241
42997394698,2025-07-14,3.452547753113322e-05,672241
42997397695,2025-06-23,3.890195148414932e-05,672241
42997397695,2025-06-30,3.890195148414932e-05,672241
42997397695,2025-07-07,3.890195148414932e-05,672241
42997397695,2025-07-14,3.890195148414932e-05,672241
42997399776,2025-06-23,2.4822626073728316e-05,672241
42997399776,2025-06-30,2.4822626073728316e-05,672241
42997399776,2025-07-07,2.4822626073728316e-05,672241
42997399776,2025-07-14,2.4822626073728316e-05,672241
42997403955,2025-06-23,2.960203892143909e-05,672241
42997403955,2025-06-30,2.960203892143909e-05,672241
42997403955,2025-07-07,2.960203892143909e-05,672241
42997403955,2025-07-14,2.960203892143909e-05,672241
42997420495,2025-06-23,2.3316475562751293e-05,672241
42997420495,2025-06-30,2.3316475562751293e-05,672241
42997420495,2025-07-07,2.3316475562751293e-05,672241
42997420495,2025-07-14,0.00019501225324347615,672241
42997421911,2025-06-23,3.049076985917054e-05,672241
42997421911,2025-06-30,3.049076985917054e-05,672241
42997421911,2025-07-07,3.049076985917054e-05,672241
42997421911,2025-07-14,3.049076985917054e-05,672241
42997424093,2025-06-23,3.311885302537121e-05,672241
42997424093,2025-06-30,3.311885302537121e-05,672241
42997424093,2025-07-07,3.311885302537121e-05,672241
42997424093,2025-07-14,3.311885302537121e-05,672241
42997426167,2025-06-23,2.8524082154035568e-05,672241
42997426167,2025-06-30,0.00021391567133832723,672241
42997426167,2025-07-07,0.00018097802239935845,672241
42997426167,2025-07-14,2.8524082154035568e-05,672241
42997428553,2025-06-23,4.0254184568766505e-05,672241
42997428553,2025-06-30,4.0254184568766505e-05,672241
42997428553,2025-07-07,4.0254184568766505e-05,672241
42997428553,2025-07-14,4.0254184568766505e-05,672241
42997430687,2025-06-23,3.366114469827153e-05,672241
42997430687,2025-06-30,3.366114469827153e-05,672241
42997430687,2025-07-07,3.366114469827153e-05,672241
42997430687,2025-07-14,3.366114469827153e-05,672241
43159436683,2025-06-23,1.3594535630545579e-05,672241
43159436683,2025-06-30,1.3594535630545579e-05,672241
43159436683,2025-07-07,1.3594535630545579e-05,672241
43159436683,2025-07-14,1.3594535630545579e-05,672241
43159436938,2025-06-23,0.0,672241
43159436938,2025-06-30,0.0,672241
43159436938,2025-07-07,0.0,672241
43159436938,2025-07-14,0.0,672241
43292170418,2025-06-23,1.20802505989559e-05,672241
43292170418,2025-06-30,1.20802505989559e-05,672241
43292170418,2025-07-07,1.20802505989559e-05,672241
43292170418,2025-07-14,1.20802505989559e-05,672241
43292170792,2025-06-23,1.2800630429410376e-05,672241
43292170792,2025-06-30,1.2800630429410376e-05,672241
43292170792,2025-07-07,1.2800630429410376e-05,672241
43292170792,2025-07-14,1.2800630429410376e-05,672241
43292171330,2025-06-23,0.0,672241
43292171330,2025-06-30,0.0,672241
43292171330,2025-07-07,0.0,672241
43292171330,2025-07-14,0.0,672241
43292171668,2025-06-23,0.0,672241
43292171668,2025-06-30,0.0,672241
43292171668,2025-07-07,0.0,672241
43292171668,2025-07-14,0.0,672241
43464179063,2025-06-23,1.415735823684372e-05,672241
43464179063,2025-06-30,1.415735823684372e-05,672241
43464179063,2025-07-07,1.415735823684372e-05,672241
43464179063,2025-07-14,1.415735823684372e-05,672241
43583432373,2025-06-23,9.074735316971783e-06,672241
43583432373,2025-06-30,9.074735316971783e-06,672241
43583432373,2025-07-07,9.074735316971783e-06,672241
43583432373,2025-07-14,9.074735316971783e-06,672241
43675356591,2025-06-23,1.346254884992959e-05,672241
43675356591,2025-06-30,1.346254884992959e-05,672241
43675356591,2025-07-07,1.346254884992959e-05,672241
43675356591,2025-07-14,1.346254884992959e-05,672241
43675357153,2025-06-23,1.2620910638361238e-05,672241
43675357153,2025-06-30,1.2620910638361238e-05,672241
43675357153,2025-07-07,1.2620910638361238e-05,672241
43675357153,2025-07-14,1.2620910638361238e-05,672241
43675357438,2025-06-23,0.0,672241
43675357438,2025-06-30,0.0,672241
43675357438,2025-07-07,0.0,672241
43675357438,2025-07-14,0.0,672241
43675357762,2025-06-23,2.0851532099186443e-05,672241
43675357762,2025-06-30,2.0851532099186443e-05,672241
43675357762,2025-07-07,2.0851532099186443e-05,672241
43675357762,2025-07-14,2.0851532099186443e-05,672241
43675358311,2025-06-23,1.8501452359487303e-05,672241
43675358311,2025-06-30,1.8501452359487303e-05,672241
43675358311,2025-07-07,1.8501452359487303e-05,672241
43675358311,2025-07-14,1.8501452359487303e-05,672241
43675358612,2025-06-23,2.3288097509066574e-05,672241
43675358612,2025-06-30,2.3288097509066574e-05,672241
43675358612,2025-07-07,2.3288097509066574e-05,672241
43675358612,2025-07-14,2.3288097509066574e-05,672241
43675358930,2025-06-23,1.346254884992959e-05,672241
43675358930,2025-06-30,1.346254884992959e-05,672241
43675358930,2025-07-07,1.346254884992959e-05,672241
43675358930,2025-07-14,1.346254884992959e-05,672241
43675359537,2025-06-23,2.5479888790869154e-05,672241
43675359537,2025-06-30,2.5479888790869154e-05,672241
43675359537,2025-07-07,2.5479888790869154e-05,672241
43675359537,2025-07-14,2.5479888790869154e-05,672241
43904595253,2025-06-23,1.75491877598688e-05,672241
43904595253,2025-06-30,1.75491877598688e-05,672241
43904595253,2025-07-07,1.75491877598688e-05,672241
43904595253,2025-07-14,1.75491877598688e-05,672241
43904694832,2025-06-23,2.520612360967789e-05,672241
43904694832,2025-06-30,2.520612360967789e-05,672241
43904694832,2025-07-07,2.520612360967789e-05,672241
43904694832,2025-07-14,2.520612360967789e-05,672241
43913912032,2025-06-23,1.647781755309552e-05,672241
43913912032,2025-06-30,1.647781755309552e-05,672241
43913912032,2025-07-07,1.647781755309552e-05,672241
43913912032,2025-07-14,1.647781755309552e-05,672241
43965614940,2025-06-23,1.2620910638361238e-05,672241
43965614940,2025-06-30,1.2620910638361238e-05,672241
43965614940,2025-07-07,1.2620910638361238e-05,672241
43965614940,2025-07-14,1.2620910638361238e-05,672241
43987972199,2025-06-23,3.3463857107562944e-05,672241
43987972199,2025-06-30,3.3463857107562944e-05,672241
43987972199,2025-07-07,3.3463857107562944e-05,672241
43987972199,2025-07-14,3.3463857107562944e-05,672241
43990125856,2025-06-23,2.818049324559979e-05,672241
43990125856,2025-06-30,2.818049324559979e-05,672241
43990125856,2025-07-07,2.818049324559979e-05,672241
43990125856,2025-07-14,2.818049324559979e-05,672241
43992266349,2025-06-23,2.781231887638569e-05,672241
43992266349,2025-06-30,2.781231887638569e-05,672241
43992266349,2025-07-07,2.781231887638569e-05,672241
43992266349,2025-07-14,2.781231887638569e-05,672241
44126860168,2025-06-23,3.0504908863804303e-05,672241
44126860168,2025-06-30,3.0504908863804303e-05,672241
44126860168,2025-07-07,3.0504908863804303e-05,672241
44126860168,2025-07-14,3.0504908863804303e-05,672241
44183603616,2025-06-23,1.7838117855717428e-05,672241
44183603616,2025-06-30,1.7838117855717428e-05,672241
44183603616,2025-07-07,1.7838117855717428e-05,672241
44183603616,2025-07-14,1.7838117855717428e-05,672241
44255064283,2025-06-23,9.074735316971783e-06,672241
44255064283,2025-06-30,9.074735316971783e-06,672241
44255064283,2025-07-07,9.074735316971783e-06,672241
44255064283,2025-07-14,9.074735316971783e-06,672241
44255064557,2025-06-23,1.190203329315409e-05,672241
44255064557,2025-06-30,1.190203329315409e-05,672241
44255064557,2025-07-07,1.190203329315409e-05,672241
44255064557,2025-07-14,1.190203329315409e-05,672241
44255064844,2025-06-23,9.074735316971783e-06,672241
44255064844,2025-06-30,9.074735316971783e-06,672241
44255064844,2025-07-07,9.074735316971783e-06,672241
44255064844,2025-07-14,9.074735316971783e-06,672241
44255065129,2025-06-23,9.074735316971783e-06,672241
44255065129,2025-06-30,9.074735316971783e-06,672241
44255065129,2025-07-07,9.074735316971783e-06,672241
44255065129,2025-07-14,9.074735316971783e-06,672241
44255065493,2025-06-23,1.5190128578979056e-05,672241
44255065493,2025-06-30,1.5190128578979056e-05,672241
44255065493,2025-07-07,1.5190128578979056e-05,672241
44255065493,2025-07-14,1.5190128578979056e-05,672241
44255065774,2025-06-23,9.074735316971783e-06,672241
44255065774,2025-06-30,9.074735316971783e-06,672241
44255065774,2025-07-07,9.074735316971783e-06,672241
44255065774,2025-07-14,9.074735316971783e-06,672241
44400044666,2025-06-23,2.928771937149577e-05,672241
44400044666,2025-06-30,2.928771937149577e-05,672241
44400044666,2025-07-07,2.928771937149577e-05,672241
44400044666,2025-07-14,2.928771937149577e-05,672241
44400044979,2025-06-23,2.9695540433749557e-05,672241
44400044979,2025-06-30,2.9695540433749557e-05,672241
44400044979,2025-07-07,2.9695540433749557e-05,672241
44400044979,2025-07-14,2.9695540433749557e-05,672241
44400045247,2025-06-23,2.310401941940654e-05,672241
44400045247,2025-06-30,2.310401941940654e-05,672241
44400045247,2025-07-07,2.310401941940654e-05,672241
44400045247,2025-07-14,2.310401941940654e-05,672241
44400045545,2025-06-23,1.78389764187159e-05,672241
44400045545,2025-06-30,1.78389764187159e-05,672241
44400045545,2025-07-07,1.78389764187159e-05,672241
44400045545,2025-07-14,1.78389764187159e-05,672241
44550710390,2025-06-23,0.0,672241
44550710390,2025-06-30,0.0,672241
44550710390,2025-07-07,0.0,672241
44550710390,2025-07-14,0.0,672241
44754799164,2025-06-23,2.2116924810688943e-05,672241
44754799164,2025-06-30,2.2116924810688943e-05,672241
44754799164,2025-07-07,2.2116924810688943e-05,672241
44754799164,2025-07-14,2.2116924810688943e-05,672241
44754802163,2025-06-23,2.070617483695969e-05,672241
44754802163,2025-06-30,2.070617483695969e-05,672241
44754802163,2025-07-07,2.070617483695969e-05,672241
44754802163,2025-07-14,2.070617483695969e-05,672241
44754804524,2025-06-23,9.074735316971783e-06,672241
44754804524,2025-06-30,9.074735316971783e-06,672241
44754804524,2025-07-07,9.074735316971783e-06,672241
44754804524,2025-07-14,9.074735316971783e-06,672241
44754809351,2025-06-23,2.6735669962363318e-05,672241
44754809351,2025-06-30,2.6735669962363318e-05,672241
44754809351,2025-07-07,2.6735669962363318e-05,672241
44754809351,2025-07-14,2.6735669962363318e-05,672241
44754812989,2025-06-23,3.7425910704769194e-05,672241
44754812989,2025-06-30,3.7425910704769194e-05,672241
44754812989,2025-07-07,3.7425910704769194e-05,672241
44754812989,2025-07-14,3.7425910704769194e-05,672241
44754818694,2025-06-23,1.2281361705390736e-05,672241
44754818694,2025-06-30,1.2281361705390736e-05,672241
44754818694,2025-07-07,1.2281361705390736e-05,672241
44754818694,2025-07-14,1.2281361705390736e-05,672241
44860382637,2025-06-23,1.7387674233759753e-05,672241
44860382637,2025-06-30,1.7387674233759753e-05,672241
44860382637,2025-07-07,1.7387674233759753e-05,672241
44860382637,2025-07-14,1.7387674233759753e-05,672241
44860382932,2025-06-23,9.074735316971783e-06,672241
44860382932,2025-06-30,9.074735316971783e-06,672241
44860382932,2025-07-07,9.074735316971783e-06,672241
44860382932,2025-07-14,9.074735316971783e-06,672241
44860383567,2025-06-23,1.605303077667486e-05,672241
44860383567,2025-06-30,1.605303077667486e-05,672241
44860383567,2025-07-07,1.605303077667486e-05,672241
44860383567,2025-07-14,1.605303077667486e-05,672241
44860384161,2025-06-23,1.20802505989559e-05,672241
44860384161,2025-06-30,1.20802505989559e-05,672241
44860384161,2025-07-07,1.20802505989559e-05,672241
44860384161,2025-07-14,1.20802505989559e-05,672241
44860384494,2025-06-23,3.2060033845482394e-05,672241
44860384494,2025-06-30,3.2060033845482394e-05,672241
44860384494,2025-07-07,3.2060033845482394e-05,672241
44860384494,2025-07-14,3.2060033845482394e-05,672241
44860384733,2025-06-23,1.985839662665967e-05,672241
44860384733,2025-06-30,1.985839662665967e-05,672241
44860384733,2025-07-07,1.985839662665967e-05,672241
44860384733,2025-07-14,1.985839662665967e-05,672241
44860385094,2025-06-23,1.415735823684372e-05,672241
44860385094,2025-06-30,1.415735823684372e-05,672241
44860385094,2025-07-07,1.415735823684372e-05,672241
44860385094,2025-07-14,1.415735823684372e-05,672241
44860385362,2025-06-23,1.190203329315409e-05,672241
44860385362,2025-06-30,1.190203329315409e-05,672241
44860385362,2025-07-07,1.190203329315409e-05,672241
44860385362,2025-07-14,1.190203329315409e-05,672241
44860385651,2025-06-23,9.074735316971783e-06,672241
44860385651,2025-06-30,9.074735316971783e-06,672241
44860385651,2025-07-07,9.074735316971783e-06,672241
44860385651,2025-07-14,9.074735316971783e-06,672241
44860385918,2025-06-23,1.2620910638361238e-05,672241
44860385918,2025-06-30,1.2620910638361238e-05,672241
44860385918,2025-07-07,1.2620910638361238e-05,672241
44860385918,2025-07-14,1.2620910638361238e-05,672241
44942965112,2025-06-23,1.8974322301801294e-05,672241
44942965112,2025-06-30,1.8974322301801294e-05,672241
44942965112,2025-07-07,1.8974322301801294e-05,672241
44942965112,2025-07-14,1.8974322301801294e-05,672241
45132580164,2025-06-23,1.839198375819251e-05,672241
45132580164,2025-06-30,1.839198375819251e-05,672241
45132580164,2025-07-07,1.839198375819251e-05,672241
45132580164,2025-07-14,1.839198375819251e-05,672241
45132656942,2025-06-23,3.0206370865926147e-05,672241
45132656942,2025-06-30,3.0206370865926147e-05,672241
45132656942,2025-07-07,3.0206370865926147e-05,672241
45132656942,2025-07-14,3.0206370865926147e-05,672241
45290923710,2025-06-23,2.0808338376809843e-05,672241
45290923710,2025-06-30,2.0808338376809843e-05,672241
45290923710,2025-07-07,2.0808338376809843e-05,672241
45290923710,2025-07-14,2.0808338376809843e-05,672241
45386498618,2025-06-23,1.28480432977085e-05,672241
45386498618,2025-06-30,1.28480432977085e-05,672241
45386498618,2025-07-07,1.28480432977085e-05,672241
45386498618,2025-07-14,1.28480432977085e-05,672241
45386576968,2025-06-23,1.190203329315409e-05,672241
45386576968,2025-06-30,1.190203329315409e-05,672241
45386576968,2025-07-07,1.190203329315409e-05,672241
45386576968,2025-07-14,1.190203329315409e-05,672241
45386581155,2025-06-23,9.074735316971783e-06,672241
45386581155,2025-06-30,9.074735316971783e-06,672241
45386581155,2025-07-07,9.074735316971783e-06,672241
45386581155,2025-07-14,9.074735316971783e-06,672241
45386584131,2025-06-23,1.2620910638361238e-05,672241
45386584131,2025-06-30,1.2620910638361238e-05,672241
45386584131,2025-07-07,1.2620910638361238e-05,672241
45386584131,2025-07-14,1.2620910638361238e-05,672241
45386591373,2025-06-23,0.0,672241
45386591373,2025-06-30,0.0,672241
45386591373,2025-07-07,0.0,672241
45386591373,2025-07-14,0.0,672241
45386601898,2025-06-23,0.0,672241
45386601898,2025-06-30,0.0,672241
45386601898,2025-07-07,0.0,672241
45386601898,2025-07-14,0.0,672241
45386603948,2025-06-23,0.0,672241
45386603948,2025-06-30,0.0,672241
45386603948,2025-07-07,0.0,672241
45386603948,2025-07-14,0.0,672241
45431124522,2025-06-23,1.8032436855719425e-05,672241
45431124522,2025-06-30,1.8032436855719425e-05,672241
45431124522,2025-07-07,1.8032436855719425e-05,672241
45431124522,2025-07-14,1.8032436855719425e-05,672241
45459383935,2025-06-23,9.074735316971783e-06,672241
45459383935,2025-06-30,9.074735316971783e-06,672241
45459383935,2025-07-07,9.074735316971783e-06,672241
45459383935,2025-07-14,9.074735316971783e-06,672241
45995668920,2025-06-23,2.195668093918357e-05,672241
45995668920,2025-06-30,2.195668093918357e-05,672241
45995668920,2025-07-07,2.195668093918357e-05,672241
45995668920,2025-07-14,2.195668093918357e-05,672241
46142524974,2025-06-23,0.0,672241
46142524974,2025-06-30,0.0,672241
46142524974,2025-07-07,0.0,672241
46142524974,2025-07-14,0.0,672241
46303774477,2025-06-23,1.2620910638361238e-05,672241
46303774477,2025-06-30,1.2620910638361238e-05,672241
46303774477,2025-07-07,1.2620910638361238e-05,672241
46303774477,2025-07-14,1.2620910638361238e-05,672241
46303862950,2025-06-23,1.773464828147553e-05,672241
46303862950,2025-06-30,1.773464828147553e-05,672241
46303862950,2025-07-07,1.773464828147553e-05,672241
46303862950,2025-07-14,1.773464828147553e-05,672241
46303877432,2025-06-23,1.974077349586878e-05,672241
46303877432,2025-06-30,1.974077349586878e-05,672241
46303877432,2025-07-07,1.974077349586878e-05,672241
46303877432,2025-07-14,1.974077349586878e-05,672241
46303948414,2025-06-23,1.900637107610237e-05,672241
46303948414,2025-06-30,1.900637107610237e-05,672241
46303948414,2025-07-07,1.900637107610237e-05,672241
46303948414,2025-07-14,1.900637107610237e-05,672241
46308044959,2025-06-23,1.3033026334596798e-05,672241
46308044959,2025-06-30,1.3033026334596798e-05,672241
46308044959,2025-07-07,1.3033026334596798e-05,672241
46308044959,2025-07-14,1.3033026334596798e-05,672241
46310250952,2025-06-23,1.4381326764123514e-05,672241
46310250952,2025-06-30,1.4381326764123514e-05,672241
46310250952,2025-07-07,1.4381326764123514e-05,672241
46310250952,2025-07-14,1.4381326764123514e-05,672241
46310280482,2025-06-23,1.8156581063522026e-05,672241
46310280482,2025-06-30,1.8156581063522026e-05,672241
46310280482,2025-07-07,1.8156581063522026e-05,672241
46310280482,2025-07-14,1.8156581063522026e-05,672241
46310291987,2025-06-23,1.4969130461395252e-05,672241
46310291987,2025-06-30,1.4969130461395252e-05,672241
46310291987,2025-07-07,1.4969130461395252e-05,672241
46310291987,2025-07-14,1.4969130461395252e-05,672241
46310334441,2025-06-23,1.505509135313332e-05,672241
46310334441,2025-06-30,1.505509135313332e-05,672241
46310334441,2025-07-07,1.505509135313332e-05,672241
46310334441,2025-07-14,1.505509135313332e-05,672241
46365131910,2025-06-23,1.9090832211077213e-05,672241
46365131910,2025-06-30,1.9090832211077213e-05,672241
46365131910,2025-07-07,1.9090832211077213e-05,672241
46365131910,2025-07-14,1.9090832211077213e-05,672241
46381587960,2025-06-23,1.415735823684372e-05,672241
46381587960,2025-06-30,1.415735823684372e-05,672241
46381587960,2025-07-07,1.415735823684372e-05,672241
46381587960,2025-07-14,1.415735823684372e-05,672241
46381594945,2025-06-23,1.2620910638361238e-05,672241
46381594945,2025-06-30,1.2620910638361238e-05,672241
46381594945,2025-07-07,1.2620910638361238e-05,672241
46381594945,2025-07-14,1.2620910638361238e-05,672241
46381604933,2025-06-23,1.2620910638361238e-05,672241
46381604933,2025-06-30,1.2620910638361238e-05,672241
46381604933,2025-07-07,1.2620910638361238e-05,672241
46381604933,2025-07-14,1.2620910638361238e-05,672241
46381618435,2025-06-23,1.0391876458015759e-05,672241
46381618435,2025-06-30,1.0391876458015759e-05,672241
46381618435,2025-07-07,1.0391876458015759e-05,672241
46381618435,2025-07-14,1.0391876458015759e-05,672241
46694935963,2025-06-23,1.2800630429410376e-05,672241
46694935963,2025-06-30,1.2800630429410376e-05,672241
46694935963,2025-07-07,1.2800630429410376e-05,672241
46694935963,2025-07-14,1.2800630429410376e-05,672241
46873197417,2025-06-23,1.190203329315409e-05,672241
46873197417,2025-06-30,1.190203329315409e-05,672241
46873197417,2025-07-07,1.190203329315409e-05,672241
46873197417,2025-07-14,1.190203329315409e-05,672241
46874506460,2025-06-23,1.2620910638361238e-05,672241
46874506460,2025-06-30,1.2620910638361238e-05,672241
46874506460,2025-07-07,1.2620910638361238e-05,672241
46874506460,2025-07-14,1.2620910638361238e-05,672241
46874597940,2025-06-23,1.2800630429410376e-05,672241
46874597940,2025-06-30,1.2800630429410376e-05,672241
46874597940,2025-07-07,1.2800630429410376e-05,672241
46874597940,2025-07-14,1.2800630429410376e-05,672241
47035595969,2025-06-23,1.4840300536889117e-05,672241
47035595969,2025-06-30,1.4840300536889117e-05,672241
47035595969,2025-07-07,1.4840300536889117e-05,672241
47035595969,2025-07-14,1.4840300536889117e-05,672241
47035596434,2025-06-23,1.4515428119921125e-05,672241
47035596434,2025-06-30,1.4515428119921125e-05,672241
47035596434,2025-07-07,1.4515428119921125e-05,672241
47035596434,2025-07-14,1.4515428119921125e-05,672241
47035596938,2025-06-23,1.2281361705390736e-05,672241
47035596938,2025-06-30,1.2281361705390736e-05,672241
47035596938,2025-07-07,1.2281361705390736e-05,672241
47035596938,2025-07-14,1.2281361705390736e-05,672241
47035597416,2025-06-23,1.7874041077448055e-05,672241
47035597416,2025-06-30,1.7874041077448055e-05,672241
47035597416,2025-07-07,1.7874041077448055e-05,672241
47035597416,2025-07-14,1.7874041077448055e-05,672241
47035597915,2025-06-23,1.605303077667486e-05,672241
47035597915,2025-06-30,1.605303077667486e-05,672241
47035597915,2025-07-07,1.605303077667486e-05,672241
47035597915,2025-07-14,1.605303077667486e-05,672241
47035598475,2025-06-23,1.682634319877252e-05,672241
47035598475,2025-06-30,1.682634319877252e-05,672241
47035598475,2025-07-07,1.682634319877252e-05,672241
47035598475,2025-07-14,1.682634319877252e-05,672241
47035598960,2025-06-23,1.587079168530181e-05,672241
47035598960,2025-06-30,1.587079168530181e-05,672241
47035598960,2025-07-07,1.587079168530181e-05,672241
47035598960,2025-07-14,1.587079168530181e-05,672241
47035599495,2025-06-23,1.8096976418746635e-05,672241
47035599495,2025-06-30,1.8096976418746635e-05,672241
47035599495,2025-07-07,1.8096976418746635e-05,672241
47035599495,2025-07-14,1.8096976418746635e-05,672241
47035599949,2025-06-23,2.1883248336962424e-05,672241
47035599949,2025-06-30,2.1883248336962424e-05,672241
47035599949,2025-07-07,2.1883248336962424e-05,672241
47035599949,2025-07-14,2.1883248336962424e-05,672241
47035600918,2025-06-23,1.8635304513736628e-05,672241
47035600918,2025-06-30,1.8635304513736628e-05,672241
47035600918,2025-07-07,1.8635304513736628e-05,672241
47035600918,2025-07-14,1.8635304513736628e-05,672241
47035601421,2025-06-23,1.8724615074461326e-05,672241
47035601421,2025-06-30,1.8724615074461326e-05,672241
47035601421,2025-07-07,1.8724615074461326e-05,672241
47035601421,2025-07-14,1.8724615074461326e-05,672241
47035601997,2025-06-23,1.7754358850652352e-05,672241
47035601997,2025-06-30,1.7754358850652352e-05,672241
47035601997,2025-07-07,1.7754358850652352e-05,672241
47035601997,2025-07-14,1.7754358850652352e-05,672241
47059508492,2025-06-23,0.0,672241
47059508492,2025-06-30,0.0,672241
47059508492,2025-07-07,0.0,672241
47059508492,2025-07-14,0.0,672241
47278389944,2025-06-23,0.0,672241
47278389944,2025-06-30,0.0,672241
47278389944,2025-07-07,0.0,672241
47278389944,2025-07-14,0.0,672241
47556470434,2025-06-23,1.4261535397963598e-05,672241
47556470434,2025-06-30,1.4261535397963598e-05,672241
47556470434,2025-07-07,1.4261535397963598e-05,672241
47556470434,2025-07-14,1.4261535397963598e-05,672241
47787653976,2025-06-23,9.074735316971783e-06,672241
47787653976,2025-06-30,9.074735316971783e-06,672241
47787653976,2025-07-07,9.074735316971783e-06,672241
47787653976,2025-07-14,9.074735316971783e-06,672241
47906467455,2025-06-23,0.0,672241
47906467455,2025-06-30,0.0,672241
47906467455,2025-07-07,0.0,672241
47906467455,2025-07-14,0.0,672241
48441796938,2025-06-23,1.28480432977085e-05,672241
48441796938,2025-06-30,1.28480432977085e-05,672241
48441796938,2025-07-07,1.28480432977085e-05,672241
48441796938,2025-07-14,1.28480432977085e-05,672241
48443531970,2025-06-23,0.0,672241
48443531970,2025-06-30,0.0,672241
48443531970,2025-07-07,0.0,672241
48443531970,2025-07-14,0.0,672241
48444196993,2025-06-23,1.2471896297938656e-05,672241
48444196993,2025-06-30,1.2471896297938656e-05,672241
48444196993,2025-07-07,1.2471896297938656e-05,672241
48444196993,2025-07-14,1.2471896297938656e-05,672241
48444406916,2025-06-23,9.074735316971783e-06,672241
48444406916,2025-06-30,9.074735316971783e-06,672241
48444406916,2025-07-07,9.074735316971783e-06,672241
48444406916,2025-07-14,9.074735316971783e-06,672241
48465290456,2025-06-23,9.074735316971783e-06,672241
48465290456,2025-06-30,9.074735316971783e-06,672241
48465290456,2025-07-07,9.074735316971783e-06,672241
48465290456,2025-07-14,9.074735316971783e-06,672241
48468456999,2025-06-23,9.074735316971783e-06,672241
48468456999,2025-06-30,9.074735316971783e-06,672241
48468456999,2025-07-07,9.074735316971783e-06,672241
48468456999,2025-07-14,9.074735316971783e-06,672241
48468483975,2025-06-23,1.2620910638361238e-05,672241
48468483975,2025-06-30,1.2620910638361238e-05,672241
48468483975,2025-07-07,1.2620910638361238e-05,672241
48468483975,2025-07-14,1.2620910638361238e-05,672241
48468720437,2025-06-23,9.074735316971783e-06,672241
48468720437,2025-06-30,9.074735316971783e-06,672241
48468720437,2025-07-07,9.074735316971783e-06,672241
48468720437,2025-07-14,9.074735316971783e-06,672241
48609636473,2025-06-23,9.074735316971783e-06,672241
48609636473,2025-06-30,9.074735316971783e-06,672241
48609636473,2025-07-07,9.074735316971783e-06,672241
48609636473,2025-07-14,9.074735316971783e-06,672241
48609745445,2025-06-23,9.074735316971783e-06,672241
48609745445,2025-06-30,9.074735316971783e-06,672241
48609745445,2025-07-07,9.074735316971783e-06,672241
48609745445,2025-07-14,9.074735316971783e-06,672241
48609798496,2025-06-23,0.0,672241
48609798496,2025-06-30,0.0,672241
48609798496,2025-07-07,0.0,672241
48609798496,2025-07-14,0.0,672241
48609967412,2025-06-23,0.0,672241
48609967412,2025-06-30,0.0,672241
48609967412,2025-07-07,0.0,672241
48609967412,2025-07-14,0.0,672241
48609984414,2025-06-23,0.0,672241
48609984414,2025-06-30,0.0,672241
48609984414,2025-07-07,0.0,672241
48609984414,2025-07-14,0.0,672241
48788920432,2025-06-23,0.0,672241
48788920432,2025-06-30,0.0,672241
48788920432,2025-07-07,0.0,672241
48788920432,2025-07-14,0.0,672241
48789681494,2025-06-23,0.0,672241
48789681494,2025-06-30,0.0,672241
48789681494,2025-07-07,0.0,672241
48789681494,2025-07-14,0.0,672241
48789690935,2025-06-23,0.0,672241
48789690935,2025-06-30,0.0,672241
48789690935,2025-07-07,0.0,672241
48789690935,2025-07-14,0.0,672241